"date","Mcomplete","Stdcomplete","Mlast300","Mlast200","Mlast100","MinCompl","Q25Compl","Q50Compl","Q75Compl","MaxCompl"
"40161",2016-02-21 07:41:49,55.7961476725522,7.92520408152274,56.0322580645161,57.2352941176471,60.46,48,52,53,55.5,90
"40171",2016-02-22 06:32:03,51.7488721804511,3.3036721204017,51.0617283950617,50.2844036697248,50.4909090909091,47,50,51,53,67
"40225",2016-02-23 07:35:14,46.53772070626,1.75183117946768,48,48.2222222222222,48.8846153846154,43,45,46,47,57
"39963",2016-02-24 08:20:44,51.097244732577,3.32887927107193,50.650406504065,51.8823529411765,52.5185185185185,47,50,50,52,70
"40419",2016-02-25 08:30:57,50.9457831325301,4.0917177489301,53.2138364779874,50.6181818181818,49.3636363636364,45,48,50,52,66
"40076",2016-02-26 08:02:16,48.5340136054422,3.61294278727766,47.9880239520958,47.6785714285714,46.4561403508772,42,46,48,51,62
"40084",2016-02-27 06:21:20,47.2692913385827,3.6969061967551,49.1454545454545,48.4864864864865,47.75,42,45,46,50,61
"39952",2016-02-28 08:21:12,55.4391891891892,3.43659287327842,55.8333333333333,55.1333333333333,53.6296296296296,51,53,55,57,69
"40040",2016-02-29 08:02:57,53.4401913875598,2.40224441680539,55.724358974359,55.3173076923077,56.3269230769231,50,51,53,55,59
"40111",2016-03-01 06:50:06,48.5469798657718,2.99065338516221,48.1325301204819,47.375,46.6842105263158,46,47,48,49,66
"40009",2016-03-02 06:05:45,52.9092465753425,3.22888710747503,54.4331210191083,54.4857142857143,54.3962264150943,49,51,52,54,70
"40129",2016-03-03 05:12:53,47.8675496688742,2.67145216548743,48.7154471544715,47.7641509433962,47.375,44,46,47,49,66
"39937",2016-03-04 04:56:17,50.4075342465753,2.0166574119514,50.2147239263804,50.4220183486239,49.0545454545455,47,49,50,51,61
"40082",2016-03-05 05:00:26,55.2741379310345,5.02247316906369,55.2884615384615,55.625,58.078431372549,49,52,54,57,78
"39931",2016-03-07 08:06:43,59.3186274509804,2.63330912249774,59.1842105263158,59.6930693069307,61.86,53,58,59,61,67
"40190",2016-03-08 06:32:02,56.2462562396007,2.87679047914486,55.6410256410256,56.4563106796116,55.9038461538462,52,54,56,58,67
"40055",2016-03-09 07:40:28,52.0145395799677,3.10466533375112,52.6625,54.552380952381,54.5849056603774,47,50,52,54,62
"39915",2016-03-10 06:34:54,49.0541871921182,4.04806886680894,49.6727272727273,48.8454545454545,50.6727272727273,45,47,48,50,73
"40118",2016-03-11 06:20:59,50.2713178294574,4.54199168625617,53.0875,51.045871559633,48.9636363636364,44,47,49,53,67
"39896",2016-03-12 06:25:58,51.0665434380776,4.50588184245906,51.3726708074534,51.0648148148148,52.9811320754717,44,49,50,52,71
"40096",2016-03-13 08:05:33,54.4831460674157,3.34211483426987,56.3741935483871,55.0571428571429,58.0980392156863,48,52,54,56,66
"40482",2016-03-14 06:26:10,50.0417362270451,5.41519548409625,49.6826347305389,50.5181818181818,50.6727272727273,45,47,49,51,73
"39907",2016-03-15 06:56:08,55.1368243243243,2.64796228833089,56.6883116883117,57.343137254902,57.7450980392157,51,53,55,57,65
"39984",2016-03-16 06:15:11,53.3806552262091,5.42118531273446,54.246835443038,54.4666666666667,55.9811320754717,47,50,52,55,77
"40393",2016-03-17 08:13:26,53.7639751552795,3.54840428588029,55.1474358974359,56.2330097087379,56.3269230769231,47,52,53,55,75
"39880",2016-03-18 06:26:06,51.113475177305,3.72327363852089,51.695652173913,51.3888888888889,51.2592592592593,47,49,50,52,72
"40417",2016-03-19 06:26:03,49.5410385259632,4.90825980933119,50.5276073619632,48.8648648648649,47.8214285714286,45,47,48,50,69
"40192",2016-03-20 07:42:23,49.9984251968504,2.25188264216065,50.9018404907975,49.8165137614679,49.1607142857143,47,48,50,51,60
"39933",2016-03-21 06:26:41,49.6650563607085,5.05810300457423,51.7329192546584,51.5185185185185,52.4259259259259,44,46,48,51,72
"40239",2016-03-22 06:21:27,50.5255354200988,6.53315411129228,49.5090909090909,48.25,47.1428571428571,44,47,48,50,74
"39978",2016-03-23 06:26:12,49.9457236842105,4.78623935042638,50.6625766871166,51.7407407407407,55.9423076923077,44,47,48,51,71
"40214",2016-03-24 06:22:15,48.0682593856655,4.39799286477218,49.5792682926829,49.0090909090909,52.3518518518519,42,45,46.5,51,69
"40024",2016-03-25 08:01:29,49.2574750830565,3.22404943803786,48.4939759036145,47.6517857142857,48.4,45,47,48,50,63
"39887",2016-03-26 06:52:04,46.3878887070376,2.98660132966348,46.9404761904762,47.125,49.5818181818182,43,44.5,45,47,60
"40067",2016-03-27 06:26:09,47.0663430420712,4.87115678793383,47.1111111111111,47.4521739130435,48.7966101694915,42,44,46,48,68
"39926",2016-03-28 07:03:34,52.6688311688312,3.66136532320749,56.5194805194805,59.1584158415842,58.7647058823529,46,50,52,54,63
"40350",2016-03-29 06:26:28,50.8367003367003,6.46969324979751,51.6770186335404,49.4181818181818,50.0727272727273,44,46,49,53,73
"40180",2016-03-30 08:11:50,52.4991816693944,3.68353660931828,50.8773006134969,51.1481481481481,50.2363636363636,48,51,51,53,71
"40145",2016-03-31 06:00:38,48.146875,3.74378854376244,46.5029585798817,45.5701754385965,44.859649122807,43,46,48,49,62
"40075",2016-04-01 08:06:19,54.5032894736842,3.16383846621227,55.7564102564103,55.75,56.1730769230769,50,52,54,56,71
"40463",2016-04-02 07:27:02,48.830220713073,2.9447930731581,49.1818181818182,48.3333333333333,47.875,45,47,48,50,63
"39987",2016-04-03 07:39:08,48.9697986577181,3.45960030135093,51.4753086419753,51.8333333333333,49.8,45,46,49,50,64
"40403",2016-04-04 06:26:17,51.8013029315961,3.41184936376195,54.8662420382166,54.3679245283019,55.0566037735849,46,50,51,53,64
"39891",2016-04-05 06:31:12,54.0634390651085,2.84540035903922,55.5064102564103,56.5242718446602,56.6346153846154,48,52,54,56,66
"40381",2016-04-06 07:21:30,55.3595505617978,4.09875298151381,56.0903225806452,52.9345794392523,51.8888888888889,50,53,55,57,72
"40483",2016-04-07 07:32:06,54.3636363636364,3.31165211120626,53.4968553459119,52.7476635514019,52.8518518518519,50,52,54,55,68
"39976",2016-04-08 07:31:43,54.2985074626866,3.22064268382432,53.6666666666667,51.4537037037037,52.2407407407407,49,52,54,56,67
"39943",2016-04-09 08:22:29,53.0284757118928,3.66246055316912,54.8407643312102,54.2095238095238,53.1509433962264,47,50,52,55,67
"40094",2016-04-10 08:46:47,58.0927672955975,3.5732000544649,60.9858156028369,59.86,61.6530612244898,52,56,58,59,70
"40010",2016-04-11 07:46:02,53.0182724252492,4.66316307411369,55.4777070063694,54.6571428571429,56.9807692307692,47,50,51,55,68
"40222",2016-04-13 08:20:15,56.7770382695508,3.45931667821835,56.9805194805195,57.2843137254902,59.76,51,54,56,58,69
"40361",2016-04-14 07:49:13,53.7632,3.31540537800626,55.1025641025641,56.0384615384615,54.6792452830189,47,52,53,56,63
"40128",2016-04-15 08:31:55,54.900651465798,2.62219779411741,54.8662420382166,53.8584905660377,53.7735849056604,51,53,55,56,68
"39879",2016-04-16 07:21:10,54.1923714759536,3.49980657006774,53.7278481012658,54.1714285714286,54.2830188679245,49,53,53,55,72
"39936",2016-04-17 09:01:47,55.9677419354839,3.7703363148177,57.9019607843137,58.5588235294118,58.7254901960784,47,53,56,58,70
"40169",2016-04-18 07:24:19,51.1772939346812,3.24584289401005,52.8125,51.3302752293578,49.2321428571429,47,49,50,53,64
"40077",2016-04-19 06:30:05,54.2524916943522,3.16270416069603,54.8152866242038,54.552380952381,54.2075471698113,49,52,54,55,66
"40414",2016-04-20 08:12:46,56.4897637795276,3.18481300169787,55.8645161290323,55.9611650485437,57.0392156862745,51,54,57,59,69
"40240",2016-04-22 08:21:17,54.1049284578696,2.97095138040766,54.5316455696203,54.7809523809524,55.1132075471698,50,52,54,55,67
"39932",2016-04-23 06:21:43,54.2649842271293,3.03207775252897,54.7707006369427,54.1603773584906,54.3962264150943,50,53,54,55,69
"40480",2016-04-24 08:27:49,58.658940397351,3.72827965561484,58.5354838709677,56.0188679245283,55.4181818181818,53,56,58,60,73
"40372",2016-04-25 07:51:15,60.3239202657807,2.85531164195203,62.1214285714286,61.8333333333333,61.64,54,58,60,62,67
"40204",2016-04-27 07:53:15,57.0099502487562,4.15119970220903,58.0261437908497,60.18,60.3653846153846,51,54,56,60,71
"40461",2016-04-28 07:44:18,54.0306451612903,2.47847526671436,55.2692307692308,55.1634615384615,55.5576923076923,50,52,53,55,67
"40479",2016-04-29 07:31:56,54.0998307952623,4.967540397263,55.0509554140127,56.7669902912621,61.08,47,50,53,57,69
"40006",2016-04-30 07:01:20,55.865625,4.24050882580398,58.2463768115942,58.2916666666667,52.0727272727273,50,53,55,58,76
"40471",2016-05-02 07:31:39,53.8446280991736,2.74929101075021,55.1273885350318,54.7428571428571,56.1538461538462,49,52,53,55,63
"40007",2016-05-03 06:31:11,52.8985024958403,3.54607967861371,53.0880503144654,54.847619047619,58.2692307692308,48,51,52,54,67
"40155",2016-05-04 08:22:04,61.0288,3.74668263524291,63.156462585034,63.3877551020408,65.530612244898,55,58,61,63,72
"39882",2016-05-05 08:59:32,56.8394276629571,2.42426106476288,57.640522875817,57.7352941176471,57.5384615384615,52,55,57,58,68
"40123",2016-05-06 07:36:46,59.4119601328904,3.15749481749922,60.9533333333333,60.66,63.02,52,57,60,61,68
"40100",2016-05-07 06:31:15,49.3344103392569,2.54848678363562,50.6134969325153,49.9816513761468,50.5636363636364,45,48,49,51,63
"40499",2016-05-08 08:45:43,53.7016666666667,2.22656533946504,53.5443037974684,54.0571428571429,55.75,49,52,54,55,62
"40217",2016-05-09 08:00:58,52.633387888707,3.94841302153662,53.3647798742138,53.688679245283,53.2641509433962,46,50,52,54,65
"40160",2016-05-10 07:01:21,53.8935837245696,2.60357955101832,55.0891719745223,55.2857142857143,55.0566037735849,48,52,54,55,65
"40149",2016-05-12 01:43:15,47.5759075907591,3.97305142235405,47.1904761904762,47.8468468468468,47.9285714285714,44,45,47,48,68
"40324",2016-05-13 01:41:35,46.7636363636364,3.42400950051291,46.8343195266272,47.4196428571429,47.7142857142857,44,45,46,47,66
"40266",2016-05-14 00:34:44,50.4059900166389,4.80814212836589,48.4939759036145,48.5765765765766,47.6666666666667,45,47,49,51,68
"40115",2016-05-15 01:11:19,53.219298245614,5.2084134517317,51.9937888198758,52.5700934579439,50.0727272727273,48,50,52,54,78
"40065",2016-05-16 09:14:32,54.4116719242902,4.2122880551986,54.1139240506329,54.9615384615385,56.6153846153846,49,51,53,57,73
"39950",2016-05-17 06:31:20,57.8667763157895,2.35771679182976,58.3790849673203,56.9514563106796,56.3653846153846,54,56,57,59,65
"40262",2016-05-18 08:20:54,53.0687397708674,3.00576302459769,54.0506329113924,52.5981308411215,52.462962962963,48,51,52,54,67
"39875",2016-05-19 07:40:35,51.3830845771144,2.92443806189919,51.1296296296296,51.1481481481481,51.5740740740741,48,50,51,52,68
"40069",2016-05-20 07:32:04,60.5533661740558,3.23389623632867,63.2054794520548,64.9072164948454,62.9387755102041,55,58,60,62,72
"40198",2016-05-22 08:19:44,56.9304635761589,2.49811851926929,58.1503267973856,58.5686274509804,58.4705882352941,52,55,57,58,69
"39917",2016-05-23 08:12:13,55.0352941176471,3.30152661193758,54.9554140127389,53.2641509433962,52.3148148148148,51,53,54,56,68
"40150",2016-05-24 07:59:54,53.5182724252492,1.926390417025,54.7707006369427,56.1442307692308,55.4150943396226,50,52,53,55,61
"40019",2016-05-25 07:56:26,53.156146179402,3.2600343646138,55.0700636942675,55.8846153846154,56.3396226415094,48,51,53,55,66
"40226",2016-05-26 07:52:24,55.5191347753744,3.76431267521779,58.2763157894737,57.9901960784314,58.078431372549,49,53,55,58,69
"40072",2016-05-27 07:11:26,57.109243697479,5.13846967872389,57.9605263157895,59.36,64.2244897959184,50,53,56,60,74
"40064",2016-05-28 06:31:07,52.6069651741293,3.78049082450949,54.1075949367089,55.9038461538462,56.8846153846154,47,50,51,56,68
"40081",2016-05-29 09:01:24,57.1423841059603,3.28213288833076,58.794701986755,58.950495049505,58.2156862745098,50,55,57,59,68
"40470",2016-05-31 06:28:40,51.5993431855501,4.04746504025615,51.1543209876543,51.045871559633,51.4363636363636,46,49,51,53,69
"40086",2016-06-01 08:10:52,57.0909090909091,4.38814733789965,56.5032258064516,54.9047619047619,54.5283018867925,52,54,56,59,75
"40172",2016-06-02 08:21:19,57.2757475083056,2.56892537067583,56.4,56.7087378640777,56,53,56,57,59,72
"39886",2016-06-03 07:36:15,55.6886326194399,3.00059168122157,58.0196078431373,57.6796116504854,58,49,54,55,58,64
"39905",2016-06-04 06:31:07,51.7508361204013,4.72774245422347,53.5,56.3300970873786,53.9433962264151,45,48,50,54,70
"40051",2016-06-05 08:21:19,59.0165289256198,2.86154994087913,59.5695364238411,59.59,60.06,55,57,58,60,68
"39878",2016-06-06 07:40:44,55.1544850498339,4.45921299294114,54.4493670886076,56.1634615384615,58,49,52,54,57.75,69
"40469",2016-06-07 06:28:48,49.7586776859504,4.38592853447452,49.2,49.9174311926606,50.1090909090909,45,47,48,51,69
"40261",2016-06-08 08:41:17,56.4509493670886,3.85112810573917,56.5870967741935,56.1634615384615,56.8846153846154,50,54,56,58,69
"40338",2016-06-09 07:29:42,52.5640599001664,2.98546023639114,54.2784810126582,53,53.811320754717,47,50,52,54,64
"40299",2016-06-10 07:21:07,56.995145631068,5.15009487361955,59.4635761589404,62.010101010101,64.0204081632653,48,52.25,57,62,69
"40191",2016-06-11 06:31:18,50.4611486486486,3.86469691767857,51.5776397515528,51.4907407407407,53.3207547169811,46,48,49,52,70
"39946",2016-06-12 07:58:59,50.1214642262895,2.40905690796242,50.9135802469136,52.5607476635514,53.5849056603774,46,48,50,52,57
"40339",2016-06-13 07:27:08,53.4040404040404,2.95811978905381,54.6114649681529,54.2095238095238,55.3846153846154,48,51,53,55,66
"40231",2016-06-14 06:26:29,50.6457990115321,4.25290558558887,50.5153374233129,50.4770642201835,50.537037037037,46,48,49,52,71
"40451",2016-06-15 07:40:48,49.8673300165838,3.2322570622538,50.5731707317073,50.5045871559633,51.0909090909091,46,48,50,51,70
"40401",2016-06-16 07:48:07,51.6893687707641,4.00018967107152,54.0189873417722,53.1698113207547,54.1509433962264,47,49,51,53,68
"39979",2016-06-17 06:51:28,57.6600331674959,3.20280887917248,57.5584415584416,57.2427184466019,57.5769230769231,51,56,57,59,70
"40359",2016-06-18 07:28:15,56.0679611650485,2.94826972608407,55.6794871794872,57.0776699029126,58.3529411764706,51,54,56,58,69
"40457",2016-06-19 06:27:50,51.6852459016393,3.98428093924308,51.9751552795031,52.3364485981308,52.6415094339623,47,49,51,53,69
"40050",2016-06-20 07:46:57,54.6666666666667,2.85007431272237,55.6410256410256,56.7766990291262,56.0566037735849,49,52,55,57,61
"39903",2016-06-21 06:43:00,52.0949263502455,3.76709094871338,53.879746835443,53.5943396226415,53.4528301886792,46,50,51,54,68
"40230",2016-06-22 07:29:00,57.6395348837209,3.42419187054919,58.7124183006536,59.0882352941176,57.2884615384615,52,55,57.5,60,69
"39995",2016-06-23 06:39:48,55.297342192691,3.16800134548144,54.8025477707006,55,52.9814814814815,52,53,54,57,69
"40235",2016-06-24 09:02:31,56.9851973684211,3.43277803464142,58.4605263157895,59.7326732673267,59.7647058823529,52,54,56,59,69
"39897",2016-06-26 07:47:43,57.9335548172757,4.40339873889804,59.4172185430464,59.2475247524753,60.96,49,55,58,60,72
"40467",2016-06-27 07:11:04,58.8360927152318,3.61835499002572,60.14,60.72,63.4081632653061,52,56,58,61,70
"40187",2016-06-28 08:33:36,59.9804241435563,4.62653703301373,60.4533333333333,60.93,60.2745098039216,53,57,59,61,79
"40113",2016-06-29 06:38:13,52.9966777408638,3.48517023589679,54.9044585987261,55.1047619047619,57.0192307692308,47,51,52,54,70
"40321",2016-06-30 06:49:23,54.4634551495017,3.44089529358944,54.7070063694268,54.3619047619048,58.1372549019608,48,52,54,56,68
"40374",2016-07-01 08:03:46,56.4444444444444,3.60920606652263,58.4934210526316,58.7524752475247,59.0392156862745,50,53,57,59,71
"40486",2016-07-02 08:31:44,57.5885245901639,3.72091229348151,59.9066666666667,58.5294117647059,58.6666666666667,51,55,57,60,70
"40133",2016-07-03 07:23:06,54.4335548172757,3.72066276830164,56.0540540540541,56.4791666666667,57.2444444444444,48,52,54,56,70
"40194",2016-07-04 06:32:04,56.2063227953411,5.57052001961781,59.2828947368421,54.7452830188679,51.3333333333333,49,52,55,58,74
"40046",2016-07-05 08:04:09,54.0382695507488,3.9530831427998,55.2165605095541,55.7115384615385,56.1923076923077,46,52,53,56,70
"40448",2016-07-06 07:15:20,50.8597662771285,4.31498523799852,50.8957055214724,51.5185185185185,52.622641509434,46,48,49,52,70
"39889",2016-07-07 08:22:27,56.4448160535117,3.48907818041121,57.4052287581699,57.3333333333333,56.7058823529412,49,55,56,58,69
"40255",2016-07-08 06:33:26,49.6029900332226,3.474201237623,50.3680981595092,49.8181818181818,48.9636363636364,44,47,49,51,69
"40085",2016-07-09 06:03:57,52.1186161449753,4.62798554740609,55.2802547770701,56.4134615384615,58.2307692307692,44,49,52,55,69
"40447",2016-07-10 08:15:03,52.7944535073409,3.35193367807753,53.7341772151899,53.0943396226415,53.6792452830189,47,51,52,54,70
"40220",2016-07-11 06:21:54,53.2889983579639,3.8914414122276,53.2767295597484,52.3738317757009,54.4905660377358,47,51,52,55,69
"39941",2016-07-12 08:17:06,53.8540630182421,3.6095014761489,54.1835443037975,55.1428571428571,53.5849056603774,48,51,53,56,69
"40152",2016-07-13 07:40:17,55.3037542662116,4.39773285426257,54.4113924050633,55.5288461538462,55.9245283018868,49,52,54,58,68
"39992",2016-07-14 08:31:30,55.1279069767442,4.13723628338334,55.9870967741935,57.2254901960784,59.6,48,52,55,57,69
"40101",2016-07-15 07:47:45,53.2728785357737,5.57064447500363,57.2597402597403,57.9514563106796,49.8363636363636,47,50,51,55,80
"39948",2016-07-23 07:16:25,56.955074875208,3.10906926631069,58.5723684210526,59.2277227722772,60.26,50,55,57,58,70
"40391",2016-07-26 07:00:57,58.9057239057239,5.56287388249824,59.1920529801325,59.37,63.6458333333333,50,55,57,62,75
"40166",2016-07-27 07:31:14,60.1033333333333,3.8958891337485,60.8145695364238,61.4158415841584,57.5961538461538,54,57,59,62,71
"39989",2016-07-28 06:33:42,54.5681063122924,3.37350635986653,55.9871794871795,55.2666666666667,56.2115384615385,50,52,54,56,70
"40181",2016-07-29 07:13:47,52.187707641196,4.30721042263628,53.2075471698113,53.1509433962264,53.8679245283019,45,49,52,54,69
"39924",2016-07-30 09:01:02,51.8970099667774,4.27187813401949,52.30625,52.3551401869159,57.3529411764706,46,49,51,53.75,69
"40201",2016-07-31 08:30:19,50.2238805970149,4.1796803434108,51.0740740740741,51.8981481481481,48,44,47,49,52,70
"40074",2016-08-01 08:16:00,53.5173553719008,2.62598696948387,53.5849056603774,53.6132075471698,55.5769230769231,49,52,53,55,69
"40404",2016-08-02 08:01:01,49.6840390879479,3.75443263484146,50.4012345679012,51.6018518518519,52.5849056603774,44,47,49,52,69
"39993",2016-08-03 06:50:50,49.3917355371901,3.24959464555307,48.7168674698795,49.1636363636364,48.6964285714286,46,48,49,50,69
"39944",2016-08-04 07:44:09,50.6378737541528,3.22404043648887,51,50.7592592592593,51.2407407407407,46,49,50,51,69
"39934",2016-08-05 07:51:21,54.3976705490849,5.16913221904295,52.9622641509434,53.5,54.5660377358491,49,52,53,54,74
"40063",2016-08-06 08:16:03,55.6727574750831,3.95240679904583,57.4350649350649,57.5436893203884,58.9803921568627,49,53,55,58,70
"40088",2016-08-07 07:55:59,52.5348837209302,4.32109083755365,54.1898734177215,52.6448598130841,54.4038461538462,45,49,52,55,70
"40346",2016-08-08 08:01:23,52.7229508196721,4.24886320902496,52.0683229813665,52.8962264150943,56.1923076923077,47,50,51,54,69
"40478",2016-08-09 07:01:11,52.8255813953488,4.51558330560622,53.1509433962264,53.8396226415094,56.4423076923077,45,50,52,55,69
"39973",2016-08-10 09:01:10,47.0273752012882,4.18031767228939,45.4736842105263,45.0350877192982,45.719298245614,43,45,46,47,67
"40143",2016-08-11 07:55:58,52.6866666666667,4.1461395310063,54.0696202531646,54.4857142857143,58.0196078431373,45,50,52,55,68
"39964",2016-08-12 08:42:36,50.4817275747508,4.08729597145513,53.2389937106918,51.6666666666667,49.3272727272727,47,48,49,51,69
"39919",2016-08-15 08:37:16,52.5275974025974,3.86889426529412,53.9433962264151,53.6415094339623,53.9811320754717,47,49,52,54,69
"40062",2016-08-17 08:02:04,47.4608985024958,3.87885960792788,48.4518072289157,48.7,49.6909090909091,43,45,46,49,65
"39958",2016-08-18 08:01:22,53.3106312292359,3.60875990060129,55.8709677419355,57.8333333333333,55.5660377358491,48,51,53,54,70
"40459",2016-08-19 07:21:16,50.6022544283414,3.65547685512952,50.5153374233129,50.0825688073394,51.4814814814815,45,48,50,53,67
"39997",2016-08-20 07:46:19,53.7774086378738,4.05293032123801,55,57,55.7735849056604,48,51,53,55,70
"40227",2016-08-21 07:34:14,53.3294701986755,4.58916371460445,54.0062893081761,52.7663551401869,57.3461538461538,45,50,52,56,68
"40061",2016-08-22 07:47:05,52.4759535655058,3.98718906278909,50.8834355828221,49.3,50.8703703703704,46,50,52,54,69
"40328",2016-08-23 06:32:06,48.6705298013245,3.49494670276436,48.8614457831325,49.4454545454545,50.7272727272727,44,46,48,50,69
"40311",2016-08-24 07:33:24,51.437908496732,4.28956800324476,51.2530864197531,52.0185185185185,53.1296296296296,46,49,50,53,69
"40229",2016-08-25 07:26:05,51.8172757475083,2.69772207236839,51.9006211180124,51.9065420560748,53.4339622641509,47,50,52,53,68
"40304",2016-08-26 08:21:36,54.8289036544851,2.80105075257288,54.3037974683544,54.4285714285714,53.3396226415094,50,53,54,56,69
"40373",2016-08-27 07:01:02,48.2953795379538,4.138536305057,48.4397590361446,48.4594594594595,49.4181818181818,42,46,48,50,68
"40370",2016-08-28 07:31:05,48.9470198675497,4.25207092959627,48.3915662650602,48.7181818181818,52.4528301886792,43,46,48,51,67
"40218",2016-08-29 07:16:07,51.3727121464226,4.12401755557234,53,54.4761904761905,51.8181818181818,46,49,51,52,69
"39894",2016-08-30 07:40:55,51.3236245954693,3.29708753185544,51.9316770186335,52.9158878504673,51.4444444444444,45,50,51,53,71
"40167",2016-08-31 06:43:21,46.8208955223881,3.90005041206406,47.3592814371258,47.4732142857143,46.2456140350877,42,44,46,48,67
"39977",2016-09-01 07:41:10,50.8550247116969,3.623639422515,52.6918238993711,52.8962264150943,55.5576923076923,46,48,50,53,70
"39986",2016-09-02 07:11:35,51.2731707317073,4.08223834403545,53.7088607594937,52.7476635514019,51.4814814814815,45,49,50,53,70
"40017",2016-09-03 06:31:00,52.5182724252492,3.65215934652133,53.5534591194969,54.1509433962264,52.0925925925926,46,50,52,55,68
"39918",2016-09-04 08:21:19,55.6627906976744,3.53648596270919,54.6687898089172,54.6057692307692,57.3725490196078,50,53,55,58,70
"39928",2016-09-05 08:02:38,57.063227953411,4.28555662230131,56.141935483871,56,54.2830188679245,50,54,56,59,71
"40183",2016-09-06 06:27:56,49.2262895174709,3.57286640892714,49,49.1090909090909,50.8181818181818,45,47,48,50,70
"40493",2016-09-07 08:22:24,57.273631840796,4.70524037153626,56.2709677419355,57.0980392156863,60.82,52,54,56,60,72
"40487",2016-09-08 07:42:50,50.3512195121951,3.48242132464681,50.8414634146341,50.6697247706422,52.3518518518519,45,48,50,52,69
"40275",2016-09-09 07:45:45,54.7308970099668,3.38745982302423,53.7025316455696,55.0192307692308,55.0377358490566,48,53,54,56,68
"40268",2016-09-10 07:30:57,52.6156405990017,3.78290298103837,52.51875,53.552380952381,55.1132075471698,47,50,52,54,70
"40435",2016-09-11 07:53:01,55.8029315960912,3.23549712353798,56.8451612903226,56.8349514563107,55.4528301886792,50,53,55,58,67
"40277",2016-09-21 08:01:40,48.2181818181818,3.76178061261997,45.9941176470588,46.0884955752212,45.7368421052632,44,46,47,49,68
"40189",2016-09-22 07:06:30,47.8758278145695,4.28458749784478,45.5964912280702,44.4086956521739,44.1896551724138,42,46,47,49,69
"40208",2016-09-24 07:30:47,45.3066884176183,4.75998135629068,47.4378698224852,46.5663716814159,45.6140350877193,42,43,43,46,70
"40375",2016-09-25 08:16:05,51.3039867109635,3.68911932365741,51.6273291925466,52.8598130841121,52.1111111111111,47,49,51,52,69
"40173",2016-09-26 07:01:41,52.4651162790698,4.1228569165701,53.5094339622642,53.4716981132075,56.1730769230769,45,50,52,54,70
"40265",2016-09-27 07:01:09,50.1295681063123,3.85422681899051,50.1349693251534,49.5636363636364,48.75,46,48,49,51,69
"40291",2016-09-28 07:11:05,55.6184210526316,3.57030441487058,58.0065359477124,57.2912621359223,57.4038461538462,49,53,56,57,70
"40011",2016-09-29 08:10:57,54.5989932885906,2.94577304230343,55.224358974359,54.6761904761905,54.377358490566,51,53,54,55,70
"40114",2016-09-30 07:06:42,53.4521452145215,3.76106899943983,54.3670886075949,54.8666666666667,54.4716981132075,48,51,53,55,71
"39951",2016-10-01 05:41:17,51.7404958677686,4.12114918616582,50.9876543209877,51.8240740740741,51.6181818181818,47,49,51,52,70
"39895",2016-10-02 08:36:46,53.3207236842105,3.17643166014371,53.7295597484277,53.5188679245283,54.0188679245283,48,51,53,54,69
"40289",2016-10-03 07:50:31,48.390365448505,3.54464375742572,48.6746987951807,48.9459459459459,48.875,45,47,48,49,69
"39974",2016-10-04 07:26:36,52.8990066225166,4.07940249501983,57.1538461538462,56.1704545454545,54.7837837837838,47,50,52,55,69
"39998",2016-10-05 07:26:20,54.421926910299,4.47229046142516,56.7012987012987,56.5631067961165,59.16,47,51,54,57,69
"40122",2016-10-07 06:51:30,52.9950166112957,3.7534199712514,52.6875,52.4485981308411,56.2884615384615,46,51,52,55,70
"40004",2016-10-08 08:31:21,55.3913764510779,4.51311031479742,57.3464052287582,56.9417475728155,56.3461538461538,50,52,54,58,70
"40453",2016-10-09 08:31:32,57.5116279069767,3.93635273905614,57.7236842105263,57.8823529411765,58.82,49,55,58,60,67
"40199",2016-10-10 07:09:15,49.2906976744186,4.34726526904316,50.9068322981366,50.9537037037037,51.4528301886792,44,46,48,51,68
"40080",2016-10-11 07:01:00,51.6714060031596,3.77861496975379,51.8571428571429,53.2547169811321,54.9433962264151,45,49,51,53,70
"40323",2016-10-12 07:09:56,47.7936772046589,4.34327372177902,50.0368098159509,51.1666666666667,50.2545454545455,43,44,47,50,69
"40337",2016-10-13 07:01:19,50.3196721311475,2.65926639464318,51.5527950310559,51.9345794392523,51.4259259259259,45,48,50,52,58
"40490",2016-10-14 07:17:13,50.4036544850498,2.53721451682369,50.8159509202454,50.4495412844037,50.4545454545455,45,48,51,52,56
"39916",2016-10-15 07:02:08,50.9068219633943,2.85913216144051,50.680981595092,51.3796296296296,50.1272727272727,45,49,51,53,59
"39914",2016-10-16 07:17:11,52.7872340425532,3.6825553373096,51.5185185185185,51.4311926605505,52.4444444444444,48,51,52,54,69
"40369",2016-10-18 05:49:37,47.3338870431894,1.67684073457093,48.1676646706587,48.2162162162162,48.25,44,46,47,48,54
"39912",2016-10-21 07:32:01,52.2454394693201,2.77377220108094,53.377358490566,53.1603773584906,54.622641509434,47,50,52,55,59
"40102",2016-10-22 09:01:42,53.240464344942,2.49522223525174,53.1946308724832,52.7476635514019,53.462962962963,49,52,53,54,64
"40154",2016-10-23 07:22:03,47.7508305647841,1.8828522035718,48.2095808383234,48.1891891891892,48.125,44,46,48,48,55
"40410",2016-10-24 09:01:19,53.4403973509934,2.90617638861059,54.4430379746835,54.4528301886792,56.4716981132075,48,51,53,56,61
"40106",2016-10-25 06:05:14,49.7287853577371,2.33694673071194,50.9074074074074,50.6788990825688,51.6111111111111,45,48,49,51,56
"40491",2016-10-26 06:21:52,53.1608623548922,2.43158765505415,55,55.1730769230769,56.8461538461538,48,51,53,55,60
"40179",2016-10-27 06:11:32,49.8787375415282,1.97915419191137,49.7464788732394,50.4301075268817,50.8333333333333,45,48,50,51,54
"40097",2016-10-28 06:21:38,51.700826446281,2.43961835672134,51.944099378882,52.5607476635514,50.7454545454545,48,50,51,53,59
"39953",2016-10-29 08:06:11,55.8125,1.6738245525202,56.0903225806452,56.6893203883495,57.4313725490196,52,55,55,57,61
"40103",2016-10-30 07:01:16,55.5049342105263,1.98759961252696,55.9935483870968,56.0961538461538,55.5384615384615,52,54,55,57,62
"40215",2016-10-31 06:01:13,56.8357723577236,2.15310283190843,58.202614379085,57.8823529411765,57.7307692307692,52,55,57,58,62
"41473",2016-11-01 06:12:12,55.9324546952224,1.54376775520802,56.9155844155844,57.1067961165049,56.6346153846154,53,55,56,57,61
"41476",2016-11-02 06:22:05,61.2491694352159,3.42026470079294,60.751677852349,60.6,59.94,54,59,61,63,70
"41475",2016-11-03 06:21:41,57.794701986755,2.56282359000678,57.8366013071895,59.2772277227723,60.64,53,56,58,59,66
"41474",2016-11-04 06:17:11,60.9035947712418,3.1595106448207,61.7635135135135,60.8787878787879,64.1875,55,58,61,63,69
"41494",2016-11-05 08:31:54,59.6650326797386,1.78570964009659,58.7565789473684,58.2647058823529,57.3076923076923,56,58,60,61,65
"41518",2016-11-06 07:44:00,59.540765391015,1.87138596051168,59.6052631578947,58.4752475247525,59.14,55,58,59,60,68
"42224",2016-11-07 06:07:52,58.6495016611296,3.06421698121786,61.4459459459459,60.79,60.26,53,56,59,61,65
"42226",2016-11-08 06:21:52,62.2545757071547,1.91051909037192,63.8413793103448,64.4226804123711,64.2448979591837,58,61,62,64,68
"42225",2016-11-09 06:07:17,56.61231281198,1.78169810629792,57.2272727272727,57.5588235294118,57.1346153846154,53,55,56,58,61
"42228",2016-11-10 06:05:55,63.673735725938,4.01564488370248,67.8156028368794,67.9263157894737,63.8367346938776,56,61,63,65,76
"42229",2016-11-11 06:05:03,59.3013245033113,3.9337715710831,61.0268456375839,61.31,59.078431372549,51,57,59,62,68
"42269",2016-11-12 09:02:03,58.0429752066116,2.64852909466336,58.5641025641026,56.375,55.9245283018868,53,56,58,60,67
"42308",2016-11-13 07:59:43,56.9001663893511,2.77368887445374,56.4516129032258,55.9615384615385,55.3018867924528,53,55,56,58,69
"43120",2016-11-14 06:20:47,51.5990016638935,2.42980088381687,53.7088607594937,53.9047619047619,54.5849056603774,47,50,51,53,59
"43121",2016-11-15 06:18:34,56.075286415712,2.37974265893386,57.6339869281046,57.7745098039216,58.9607843137255,50,55,56,57,62
"43123",2016-11-16 06:18:04,57.9407894736842,2.72455078323614,60.751724137931,60.2916666666667,58.0212765957447,53,56,57,60,67
"43127",2016-11-17 06:15:20,54.7717569786535,2.69846271417466,56.4545454545455,57.343137254902,59.72,51,53,54,56,64
"43125",2016-11-18 06:18:31,59.0314049586777,2.79320465202983,61.3691275167785,63.030612244898,61.8,54,57,58,61,67
"43138",2016-11-19 09:04:15,59.1597337770383,2.7069865032924,60.02,61.2020202020202,63.7551020408163,54,57,59,60,67
"43194",2016-11-20 09:02:52,57.5977011494253,2.29789548368991,58.6184210526316,60.33,57.5576923076923,53,56,57,59,66
"43501",2016-11-21 06:17:50,55.4290429042904,2.99157186491476,57.7058823529412,57.0485436893204,58.5686274509804,50,53,55,57,64
"43502",2016-11-22 06:18:18,53.5747508305648,1.7869634273137,54.2658227848101,54.9428571428571,54.4905660377358,49,52,53,55,59
"43505",2016-11-23 05:58:39,51.7205882352941,2.56669484025736,51.8509316770186,52.3831775700935,56.6346153846154,47,50,51.5,53,59
"43507",2016-11-24 06:17:42,50.7437603993344,2.4874816922266,52.43125,52.3148148148148,51.6296296296296,46,49,50,52,58
"43499",2016-11-25 05:51:30,53.3758278145695,4.21119236139022,59.2582781456954,58.6862745098039,57.4615384615385,47,50,52,56,66
"43534",2016-11-26 08:36:06,60.4392678868552,1.93047199663287,61.7837837837838,61.6,61.22,57,59,60,62,66
"43601",2016-11-27 08:37:24,54.8799342105263,2.6298988014207,54.3885350318471,55.1538461538462,54.8301886792453,50,53,54,56,66
"43963",2016-11-28 06:14:24,51.3316993464052,3.80534231943093,55.3461538461538,54.0943396226415,54.9622641509434,46,48,50,55,60
"43969",2016-11-29 06:11:28,52.8377483443709,2.27105930008985,53.7421383647799,53.3177570093458,52.9074074074074,48,51,52,54,59
"43967",2016-11-30 06:21:55,54.3311258278146,2.98247363427843,54.0253164556962,53.9339622641509,57.3269230769231,49,52,55,56,61
"43966",2016-12-01 06:14:44,53.318407960199,2.11342240733608,53.5849056603774,53.2358490566038,55.0384615384615,49,52,53,55,59
"43968",2016-12-02 06:14:03,59.2605177993527,3.28915920699892,60.8993288590604,60.91,61.14,52,57,59,61,68
"43970",2016-12-03 06:22:08,59.8839137645108,2.67940154333479,61.3851351351351,61.1919191919192,61.6734693877551,55,58,60,62,68
"44228",2016-12-04 06:22:02,53.2665562913907,2.4474864207139,55.5,55.5769230769231,52.962962962963,49,51,53,55,61
"44231",2016-12-05 06:17:45,54.234219269103,2.69404195123902,56.2064516129032,54.5428571428571,55.2830188679245,50,52,54,56,62
"44232",2016-12-06 06:13:43,54.5730897009967,3.90044241126409,60.3,60.37,60.4509803921569,49,52,53,58,64
"44230",2016-12-07 06:16:44,49.5936981757877,3.87801025569844,50.8271604938272,51.1944444444444,51.4444444444444,42,47,49,52,61
"44235",2016-12-08 06:03:28,53.8189368770764,3.44755432366837,53.6898734177215,54.1333333333333,53.5471698113208,47,51,54,56,61
"44234",2016-12-09 06:29:09,56.1910299003322,3.37728330637961,55.3333333333333,56.2135922330097,55.5576923076923,50,54,55,58,70
"44291",2016-12-10 09:23:29,57.4193011647255,3.26556174506245,58.5460526315789,58.980198019802,62.3877551020408,52,55,56,58,68
"44332",2016-12-11 09:27:04,55.5255354200988,2.76211827432627,56.5161290322581,56.4230769230769,55,50,54,55,58,63
"44572",2016-12-12 06:21:30,54.2396006655574,2.777738139854,55.1146496815287,54.152380952381,54.6415094339623,49,52,54,56,62
"44443",2016-12-13 06:17:43,58.2762063227953,4.26461208677803,60.751677852349,57.0679611650485,55.9038461538462,50,56,58,60,76
"44571",2016-12-14 06:22:06,56.2059800664452,3.1597664333111,56.1225806451613,56.0582524271845,56.8235294117647,49,54,56,59,65
"44599",2016-12-15 07:22:11,55.9341021416804,3.63684937943432,57.6883116883117,54.8380952380952,56.5384615384615,51,54,55,57,69
"44651",2016-12-16 09:49:42,56.8776859504132,2.32925135072451,57.9869281045752,58.3627450980392,57.9423076923077,52,55,57,58,63
"44669",2016-12-17 05:38:33,49.0653594771242,2.32096600074632,50.159509202454,50.3394495412844,47.0892857142857,45,48,49,50,58
"44760",2016-12-18 06:21:51,54.9867330016584,3.42210273801411,54.7579617834395,55.8461538461538,58.4705882352941,49,52,54,57,63
"44795",2016-12-19 07:05:37,56.6782752902156,2.63933490008128,56.6129032258064,57.3725490196078,60.68,48,55,57,58,65
"44844",2016-12-20 07:33:07,54.2940199335548,2.16651205753447,54.7834394904459,55.2666666666667,56.3653846153846,50,53,54,55,62
"44863",2016-12-21 06:22:32,54.3574958813839,3.34915963887946,57.1298701298701,56.6504854368932,59.0392156862745,46,52,54,56,62
"44918",2016-12-22 07:42:40,55.8081300813008,3.22585224695857,56.8441558441558,57.9705882352941,58,51,54,55,57,68
"45027",2016-12-23 06:22:09,56.9370860927152,4.81353971931173,58.2941176470588,57.2427184466019,54.6603773584906,50,53,56,60.25,69
"45024",2016-12-24 08:01:41,53.5440931780366,2.76015746253181,54.2215189873418,55.0095238095238,56.0961538461538,48,51,53,56,61
"45022",2016-12-25 07:49:02,50.8089700996678,1.50264966279164,50.8765432098765,51.287037037037,52.5094339622642,48,50,51,52,55
"45040",2016-12-26 09:01:58,55.3504983388704,2.25239560045055,55.1987179487179,55.7211538461538,57.2692307692308,51,54,55,57,61
"45101",2016-12-27 08:26:02,52.6699834162521,2.61713199897459,51.93125,52.2336448598131,54.5769230769231,49,51,52,54,63
"45395",2016-12-28 07:27:02,55.1527093596059,3.28793599008994,58.4473684210526,59.6237623762376,58.2941176470588,49,53,55,57,64
"45396",2016-12-29 07:01:55,55.8023255813954,2.91689574245569,57.1363636363636,58.1862745098039,58.2692307692308,50,54,55,58,64
"45397",2016-12-30 07:41:23,55.7076411960133,3.44158402239316,57.8311688311688,58.8137254901961,55.0943396226415,49,54,55,57,69
"45412",2016-12-31 09:02:16,60.0325732899023,4.26781813937784,60.2466666666667,62.7551020408163,61.4,54,57,59,63,74
"46022",2017-01-01 09:26:46,55.0316139767055,2.43939860568221,55.6025641025641,55.4615384615385,54.4905660377358,48,54,55,57,61
"46118",2017-01-02 08:20:25,53.7325581395349,2.72473780523248,54.2911392405063,54.3238095238095,54.9807692307692,49,51,54,56,60
"46119",2017-01-03 06:22:27,49.7806873977087,2.2776937254683,50.8888888888889,51.75,51.2,46,48,50,51,55
"46215",2017-01-04 07:52:17,50.4825291181364,2.4152524215012,51.3765432098765,51.037037037037,53.5660377358491,46,48,50,52,56
"46346",2017-01-05 05:31:51,48.8756218905473,2.82421648258711,51.5714285714286,52.3551401869159,52.9444444444444,44,47,48,50,58
"46345",2017-01-06 08:02:18,51.7756097560976,2.56924751856084,53.7215189873418,53.3301886792453,51.4,48,50,51,54,58
"46400",2017-01-07 08:01:56,51.3084577114428,1.71209633585319,52.6,52.1308411214953,51.0555555555556,47,50,51,52,56
"46478",2017-01-08 09:00:40,52.968438538206,2.95794154608568,53.5759493670886,55.3269230769231,56.0943396226415,45,51,53,55,61
"46539",2017-01-09 07:01:21,44.009009009009,2.37212697486478,43.0628571428571,42.1186440677966,41.728813559322,40,42,44,45,54
"46540",2017-01-10 07:02:10,47.0641447368421,2.2410349880283,48.4879518072289,47.8571428571429,48.5357142857143,43,45,47,48,54
"46678",2017-01-11 06:30:58,46.5107794361526,1.84835382163207,46.6153846153846,47.0267857142857,47.9464285714286,44,45,46,47,54
"46681",2017-01-12 08:32:01,49.7645107794362,2.65720375179212,52.375,52.2592592592593,51.2181818181818,45,48,50,52,55
"46703",2017-01-13 07:49:32,49.3167495854063,2.21160516156857,50.239263803681,51.25,51.0545454545455,45,48,49,51,55
"46866",2017-01-14 08:12:46,50.983660130719,1.87403509326293,52.159509202454,52.1284403669725,50.5614035087719,47,50,51,52,58
"46896",2017-01-15 08:01:56,51.18407960199,2.09673340470294,50.3128834355828,50.2752293577982,48.7818181818182,48,50,51,53,56
"47164",2017-01-16 07:57:19,52.3654485049834,2.38324759512588,54.1210191082803,54.2190476190476,54.5471698113208,48,50,52,54,58
"47166",2017-01-17 08:45:57,49.641196013289,3.66856918951884,51.2592592592593,53.3867924528302,54.1111111111111,44,47,49,53,57
"47236",2017-01-18 06:25:35,46.5730706075534,2.70750612271623,47.8383233532934,47.3982300884956,47.8392857142857,43,45,46,48,58
"47275",2017-01-19 08:32:08,53.8252911813644,3.05904548676088,52.63125,53.2075471698113,53.3148148148148,48,52,53,55,63
"47341",2017-01-20 07:48:42,54.1529605263158,2.75249614766675,56.3376623376623,57.3725490196078,58.18,50,52,54,56,61
"47347",2017-01-21 07:02:12,47.9169381107492,2.47623742482253,49.2969696969697,50.1651376146789,49.1818181818182,43,46,48,49,54
"47428",2017-01-22 07:07:36,51.5789473684211,3.08533506528872,54.8717948717949,55.6538461538462,55.5961538461538,47,49,51,54,58
"47469",2017-01-23 08:36:19,56.7290640394089,1.86037965074481,57.6470588235294,58.1176470588235,58.6078431372549,52,56,57,58,61
"47523",2017-01-24 08:12:14,52.7142857142857,1.77995311250234,53.7573529411765,53.855421686747,54.725,48,52,53,54,57
"47743",2017-01-25 08:05:10,54.8905472636816,1.87781952764643,55.6709677419355,55.2884615384615,55.5576923076923,50,54,55,56,59
"47801",2017-01-26 07:51:50,54.2564935064935,2.90317292808477,54.4873417721519,55.0283018867925,55.5660377358491,48,53,54,56,62
"47847",2017-01-27 07:47:49,50.3239202657807,1.86295685221976,50.4662576687117,51.1944444444444,51.0181818181818,46,49,50,52,56
"47962",2017-01-28 06:25:47,46.046511627907,1.79789934477465,47.0595238095238,47.2432432432432,46.4821428571429,43,45,46,47,53
"47986",2017-01-29 08:27:12,51.6798679867987,2.18707487559739,53.2594936708861,53.6095238095238,53.3962264150943,47,50,52,53,57
"48038",2017-01-30 08:01:38,52.3653846153846,2.65595194811765,54.7388535031847,53.7264150943396,53.4716981132075,48,50,52,54,59
"48250",2017-01-31 08:01:50,49.6119402985075,2.41369088826034,50.6604938271605,49.9449541284404,50.5185185185185,45,48,49,51,56
"48298",2017-02-01 08:01:42,52.8434504792332,2.08025311804688,54.7770700636943,55.0288461538462,56.1730769230769,49,51,53,54,58
"48343",2017-02-02 07:52:28,50.8208955223881,1.93955877282756,52.1375,53.0754716981132,54.7547169811321,47,50,51,52,56
"48459",2017-02-03 08:01:50,50.6212624584718,2.75742767603643,52.0807453416149,53.1320754716981,54.4716981132075,47,49,50,51,60
"48504",2017-02-04 07:02:26,49.266339869281,3.53138525726095,50.9691358024691,49.6181818181818,47.4385964912281,44,47,48,51,63
"48560",2017-02-05 08:32:09,54.9318936877076,3.55143045895857,56.6753246753247,56.2115384615385,54.3584905660377,49,52,54,57,65
"48610",2017-02-06 07:02:58,47.9418604651163,2.59558216639241,48.9575757575758,50.3302752293578,53.2407407407407,44,46,47,50,55
"48700",2017-02-07 07:48:45,48.4827018121911,1.72324831854639,48.8909090909091,49.4128440366973,50.4444444444444,46,47,48,49,55
"48803",2017-02-08 07:40:33,48.1677740863787,2.69653589858772,50.1280487804878,48.6666666666667,48.0535714285714,43,46,47,49,56
"49026",2017-02-09 08:57:17,49.3639344262295,2.28840389281381,48.7168674698795,48.9181818181818,49.8181818181818,45,48,49,51,55
"49027",2017-02-10 07:47:22,52.0291734197731,2.62526278166564,54,53.5094339622642,53.9622641509434,47,50,52,53,61
"49028",2017-02-11 09:02:11,53.4295081967213,1.80923958319257,54.2866242038217,54.6,54.0188679245283,50,52,53,55,58
"49182",2017-02-12 08:57:32,52.1014975041597,3.07430443413527,53.8544303797468,52.7102803738318,54.8490566037736,46,50,52,54,60
"49184",2017-02-13 07:42:11,50.8743801652893,3.39420349593117,55.1836734693878,55.9574468085106,56.7674418604651,46,48,50,53,62
"49183",2017-02-14 08:02:38,49.1648351648352,2.89319639662663,52.63125,53.1308411214953,54.5283018867925,45,47,48,51,57
"49263",2017-02-15 06:30:14,48.1608623548922,2.1946008769846,49.8475609756098,50.4770642201835,49.6181818181818,45,46,48,50,55
"49355",2017-02-16 07:52:05,47.0531561461794,1.83345640840859,46.3668639053254,46.8035714285714,45.7368421052632,44,46,47,48,54
"49415",2017-02-17 08:02:08,52.8704318936877,1.86387573573159,52.2173913043478,51.1574074074074,49.8181818181818,49,52,53,54,57
"49469",2017-02-18 06:58:09,47.8495867768595,2.46677001343105,50.2331288343558,50.1454545454545,49.1454545454545,44,46,48,49,58
"49532",2017-02-19 08:32:20,54.5529801324503,3.08833590030356,53.1823899371069,52.7476635514019,50.1818181818182,48,52,55,56,63
"49617",2017-02-20 07:32:26,55.044925124792,2.65574440964946,54.859872611465,54.5188679245283,54.0754716981132,48,54,55,57,60
"49769",2017-02-21 06:44:00,45.84,2.50238682048382,45.84,45.62,46.34,40,44,46,47,54
"50050",2017-02-22 06:29:44,48.3107569721116,3.06317544791368,48.3107569721116,48.49,48.78,41,46,48,50,61
"50134",2017-02-23 05:41:39,45.947619047619,3.44574297873932,45.92,46.67,47.36,38,43,46,48,59
"50197",2017-02-24 07:10:31,47.937106918239,3.62724623688279,47.75,48.34,47.98,41,45,48,50,64
"50327",2017-02-25 07:00:32,45.5536480686695,3.16743900081538,45.5536480686695,45.3,45.47,40,43,45,47,60
"50399",2017-02-26 08:15:20,51.053164556962,3.97513960560127,51.0133333333333,49.24,49.69,42,48,51,53,63
"50846",2017-03-01 06:30:54,49.7333333333333,2.99063042084492,49.7466666666667,49.375,49.95,44,47,50,52,60
"50889",2017-03-02 05:46:45,51.9358024691358,3.25649802192871,52.26,52.15,53.25,44,50,52,54,66
"50964",2017-03-03 07:57:49,55.7824175824176,4.06593762470259,56.21,57.415,58.54,47,53,56,58,70
"51108",2017-03-04 07:01:56,49.6086956521739,2.81454616542744,49.6086956521739,49.83,49.8,44,48,50,51,60
"51272",2017-03-05 08:29:57,56.3745583038869,3.5631570290169,56.3745583038869,57.36,58.04,48,54,56,59,65
"51364",2017-03-06 08:31:58,54.5942028985507,3.60935689292437,54.5942028985507,53.425,53.4,47,52,54,57,67
"51435",2017-03-07 06:30:49,49.2813559322034,3.14158386416827,49.2813559322034,48.89,48.8,43,47,49,51,61
"51577",2017-03-08 06:30:45,54.1791044776119,3.59276290665318,54.1766666666667,54.85,55,46,52,54,56,69
"51735",2017-03-09 07:27:34,50.4692307692308,3.49227158107167,50.4692307692308,50.05,51.58,44,48,50,52,63
"51802",2017-03-10 07:43:50,54.6160458452722,3.12321219815013,54.8166666666667,54.595,54.06,47,52,55,57,63
"51882",2017-03-11 07:31:09,49.07421875,2.17975519739906,49.07421875,49.19,49.96,44,47,49,51,54
"51952",2017-03-12 09:02:07,54.4731543624161,2.89913793926864,54.4731543624161,54.645,54.38,49,52,54,57,67
"52042",2017-03-13 08:06:26,55.6642335766423,2.96058013167024,55.9133333333333,56.12,55.26,49,54,55,57,67
"52095",2017-03-14 06:31:01,52.4438902743142,3.13009086576255,51.7733333333333,51.325,51.78,46,50,52,54,66
"52187",2017-03-15 08:02:02,54.7350649350649,2.47328256035913,55.07,55.67,56.21,48,53,55,56,62
"52237",2017-03-16 08:30:36,57.2992125984252,3.82989960146667,57.91,58.27,60.26,48,54,57,60,70
"52344",2017-03-17 07:32:25,54.9026845637584,3.32229376583332,54.9026845637584,55.56,56.83,48,52,55,57,64
"52559",2017-03-20 07:34:28,52.6917293233083,3.76514391441668,52.6917293233083,52.38,50.93,45,50,52,54.75,64
"52602",2017-03-21 03:56:51,50.9647577092511,3.37809987584554,51.4766666666667,52.395,52.07,44,48,50.5,53,62
"52799",2017-03-23 06:31:31,53.5846994535519,3.6963048252923,53.2066666666667,53.35,54.03,46,51,53,56,69
"52855",2017-03-24 07:43:47,51.0802919708029,3.01171922026167,51.0802919708029,51.075,51.85,45,49,51,53,64
"53052",2017-03-26 05:46:49,50.7109004739336,3.05248228796451,50.7733333333333,51.495,50.65,44,48,50,53,60
"53160",2017-03-27 06:06:51,55.0454545454545,3.40595552194551,54.9866666666667,55.215,55.71,49,52,55,57,65
"53242",2017-03-28 07:17:15,56.2331606217617,4.25944802961496,56.6133333333333,55.285,56.64,47,53,56,58.75,71
"53315",2017-03-29 05:17:03,48.5506756756757,2.70168802528763,48.5506756756757,49.08,48.73,41,46,48,50,56
"53389",2017-03-30 05:17:27,49.7028571428571,3.05306325708127,49.5433333333333,49.14,48.97,42,48,50,51,65
"53456",2017-03-31 06:18:36,55.9454022988506,3.3576282642711,56,56.485,57.02,49,54,56,58,65
"53528",2017-04-01 05:17:26,48.9009009009009,3.88015720738733,48.99,49.91,50.58,40,46,49,52,59
"53608",2017-04-02 05:17:43,55.1785714285714,3.3306825097182,55.1785714285714,55.195,55.37,47,53,55,57,67
"53697",2017-04-03 06:07:26,59.1630434782609,4.08833570107006,58.7933333333333,58.395,59.52,49,56,60,62,68
"53832",2017-04-04 07:49:35,55.8940886699507,4.08261771894355,56.1233333333333,56.935,55.81,48,53,56,58,69
"53877",2017-04-05 05:17:41,51.546875,3.54606801319884,51.4866666666667,51.78,52.68,44,49,51,54,63
"53970",2017-04-06 06:09:53,52.921568627451,3.18067343945402,53.7033333333333,54.205,53.39,45,51,53,55,62
"54024",2017-04-07 06:35:17,56.1265060240964,4.13177457869472,56.4233333333333,57.16,59.3,48,53,56,58,70
"54062",2017-04-08 05:51:52,53.2455089820359,3.86245042864409,53.3766666666667,53.955,54.65,45,51,53,56,63
"54136",2017-04-09 06:44:25,57.168253968254,3.45677703232625,57.3466666666667,57.26,57.71,48,55,57,60,64
"54229",2017-04-10 06:38:13,58.2721088435374,3.29039936190258,58.2721088435374,58.75,57.59,50,56,58,60,70
"54274",2017-04-11 05:27:14,57.003367003367,4.10627265430282,57.003367003367,57.995,57.31,48,54,57,60,66
"54388",2017-04-12 06:44:45,54.6914893617021,3.14883448723497,54.6914893617021,54.535,54.09,47,52,55,57,65
"54440",2017-04-13 05:27:26,53.5703703703704,4.03707859470038,53.5703703703704,53.5,53.85,46,51,53,56,63
"54549",2017-04-14 07:22:04,54.8666666666667,3.1573382521279,54.8666666666667,54.915,55.56,47,52.75,54,57,65
"54632",2017-04-15 05:31:51,48.5101214574899,2.70780616234441,48.5101214574899,48.65,49.07,42,46.5,48,50,57
"54893",2017-04-16 07:19:56,50.8812260536398,3.56657452966096,50.8812260536398,50.505,50.33,42,48,51,53,62
"54956",2017-04-17 07:21:59,55.3243243243243,5.04853221322955,55.3243243243243,56.72,59.38,47,52,54,56,72
"55076",2017-04-19 05:02:28,57.0234113712375,4.23901506557585,57.0234113712375,56.775,56.1,47,54,56,60,71
"55275",2017-04-21 06:01:49,51.1350364963504,4.19139343612504,51.1350364963504,51.935,49.62,43,48,50,54,62
"55488",2017-04-23 07:02:27,57.0495626822157,3.64834234344552,57.3933333333333,58.12,58.14,45,55,57,60,68
"55569",2017-04-24 06:48:57,55.8408408408408,4.03246037057461,56.0533333333333,57.05,56.69,47,53,55,58,67
"55622",2017-04-25 05:31:14,51.6763754045307,3.66876847788576,51.6333333333333,52.385,52.7,44,49,52,54,61
"55711",2017-04-26 07:02:12,54.6109090909091,3.3556615590677,54.6109090909091,55.495,55.88,45,53,55,57,63
"55830",2017-04-28 07:02:06,50.4980392156863,2.89429864459861,50.4980392156863,50.59,50.71,42,48.5,50,52,58
"55917",2017-04-29 08:29:47,50.863813229572,3.27050828847452,50.863813229572,51.455,51.14,43,49,51,53,60
"55991",2017-04-30 08:02:40,51.4951140065147,2.70121170523573,51.5133333333333,51.765,51.83,45,49,51,54,59
"56137",2017-05-01 06:31:58,49.0846774193548,2.92913728590006,49.0846774193548,49.555,49.65,41,47,49,51,57
"56136",2017-05-02 05:27:12,49.0443548387097,2.81875736883276,49.0443548387097,48.85,48.88,40,47,49,51,58
"56234",2017-05-03 06:52:04,55.0931899641577,2.12519746093309,55.0931899641577,55.185,55.23,50,54,55,57,61
