"calc_ident_id","rr_min","rr_max","rr_mean","rr_max_min_rel","sdnn","sd1","sd2","rmssd","pnn50","power_hf","power_lf","power_lf_hf","power_total","power_vlf"
"241",44930,505,1739,1209.24,3.44,192.23,94.73,254.82,133.99,60.31,5378.76,6706.67,1.25,12879.05,629.98
"260",41568,919,1752,1278.17,1.91,165.37,100.79,211.04,142.54,67.97,4316.85,4090.46,0.95,8707.89,315.05
"272",42148,885,1616,1245.51,1.83,130.08,71.88,169.34,101.65,66.87,2891.99,4127.09,1.43,7316.88,204.74
"290",43069,936,1681,1295.11,1.8,162.38,84.94,213.35,120.12,66.59,3655.32,4745.27,1.3,8652.82,193.12
"334",41491,916,1629,1224.38,1.78,129.78,81.17,164.61,114.79,65.23,4463.56,2136.98,0.48,7051.23,451.76
"367",36525,1023,1754,1405.38,1.71,126.26,94.97,151.21,134.31,76.64,3509.59,1955.21,0.56,5941.88,403.18
"422",36526,989,1797,1355.43,1.82,147.79,96.96,185.16,137.12,77.93,4941.1,2902.91,0.59,8077.87,183.27
"600",36530,905,1731,1259.59,1.91,171.85,90.49,225.56,127.98,65.22,4633.54,6328.53,1.37,11483.87,198.06
"637",36533,1011,1815,1422.11,1.8,143.02,89.7,181.28,126.86,72.55,3152.3,2224.75,0.71,5740.29,327.55
"638",36534,1116,1762,1384.71,1.58,147.34,96.38,184.74,136.3,77.14,4475.79,2897.76,0.65,7702.47,309.14
"639",36535,1050,1730,1277.71,1.65,111.11,72.83,139.24,103.01,66.6,2690.97,1186.89,0.44,4161.66,195.49
"640",36536,928,1740,1304.38,1.88,162.78,98.75,207.95,139.66,73.09,4652.8,4330.83,0.93,9375.28,339.59
"641",36538,965,2013,1224.33,2.09,128.52,71.05,167.29,100.48,60.16,2064.39,2942.11,1.43,5615.39,297.47
"642",36541,987,1902,1497.87,1.93,150.66,99.16,188.59,140.23,72.53,3689.29,7383.83,2,11898.33,682.19
"738",36546,840,1271,1073.56,1.51,60.87,31.55,80.09,44.62,26.16,697.73,662.81,0.95,1410.8,39.12
"739",36547,893,1654,1258.25,1.85,115.32,72.95,145.86,103.16,64.61,3182.04,2938.28,0.92,6239.2,33.82
"740",36548,847,1623,1192.74,1.92,159.31,71.42,213.68,101.01,59.66,3144.17,3252.88,1.03,7037.68,603.12
"741",36561,1037,1763,1324.31,1.7,136.3,80.82,175,114.3,60.15,3094.44,2721.41,0.88,6471.33,530.83
"742",36584,954,1644,1234.26,1.72,131.69,72.9,171.38,103.09,60.19,3004.07,2466.63,0.82,5753.66,220.31
"743",36589,993,1713,1306.01,1.73,135.03,85.7,170.65,121.2,74.71,3934.81,1520.45,0.39,5826.31,339.7
"744",36599,714,1869,1437.7,2.62,200.93,115.95,259.43,164,72.99,6230.76,6313.27,1.01,13019.58,366.84
"745",36600,871,1503,1109.33,1.73,110.14,55.65,145.48,78.7,48.01,1517.06,2294.71,1.51,3986.25,112.52
"746",36601,929,1784,1345.74,1.92,181.51,107.98,232.88,152.71,68.06,4278.41,8353.81,1.95,13179.22,402.03
"747",36602,849,1625,1139.52,1.91,131.6,64.1,174.72,90.65,51.04,1580.11,2114.65,1.34,4355.17,628.67
"748",36605,919,1620,1171.79,1.76,117.12,57.87,155.2,81.84,45.97,1264.35,1848.04,1.46,3286.51,113.12
"749",36607,934,1803,1278.91,1.93,155.92,114.18,188.64,161.48,70.86,6454.21,8100.62,1.26,14738.99,287.54
"750",36609,757,1816,1369.17,2.4,200.3,113.08,259.72,159.91,73.75,5137.97,7968.6,1.55,13799.12,403.45
"751",36610,644,1729,1206.51,2.68,150.47,91.77,191.99,129.8,60.15,5293.73,5623.56,1.06,11148.39,299.77
"752",36612,734,1647,1311.74,2.24,139.65,78.67,181.15,111.28,64.71,2756.77,2406.59,0.87,5585.47,346.26
"757",36613,962,1762,1289.19,1.83,145.15,96.96,180.93,137.12,69.39,4908.22,4007.26,0.82,9191.74,145.03
"758",36614,955,1903,1402.73,1.99,190.57,112.81,244.76,159.54,75.96,5214.02,4986.04,0.96,10730.26,482.61
"759",36616,1016,1840,1396.9,1.81,183.92,114.11,233.73,161.38,73.26,6108.38,3384.3,0.55,9942.77,283.28
"760",36617,1004,1945,1383.08,1.94,155.61,119.71,184.66,169.34,76.56,7143.58,2739.28,0.38,10244.97,189.5
"761",36621,1011,1490,1201.12,1.47,93.28,51.47,121.46,72.79,49.63,1406.46,1876.2,1.33,3394.58,75.69
"762",36623,947,1623,1230.93,1.71,133.01,76.73,171.74,108.51,64.89,3895.14,2915.88,0.75,7087.88,239.85
"763",36626,1082,1883,1479.27,1.74,147.87,105.05,180.82,148.56,73.23,6015.62,6685.32,1.11,13039.76,195.68
"764",36631,1049,1740,1361.16,1.66,145.1,85.22,186.67,120.51,72.92,3475.03,3120.31,0.9,6836.58,149.11
"765",36632,905,1686,1240.66,1.86,151.71,92.74,193.47,131.15,72.27,6584.43,3737.31,0.57,10612.99,168.7
"766",36633,938,1628,1221,1.74,109.11,85.24,128.63,120.54,69.72,4028.99,2255.74,0.56,6574.77,159.43
"767",36634,663,1860,1289.31,2.81,151.02,100.87,188.25,142.66,70.42,4412.43,3362.84,0.76,7962.32,145.03
"768",36636,851,1612,1269.73,1.89,131.77,74.66,170.74,105.58,65.43,3543.6,2833.75,0.8,6571.5,212.34
"769",36638,957,2186,1309.96,2.28,192.39,145.75,229.75,206.2,78.66,9388.7,4430.64,0.47,14639.64,290.24
"843",36642,924,1828,1302.77,1.98,145.37,88.05,185.78,124.52,69.03,3964.11,6116.8,1.54,10200.62,65.49
"844",36646,942,1745,1270.04,1.85,176.59,92.82,231.85,131.26,66.88,4133.11,4398.36,1.06,9004.18,372.04
"847",36647,910,1692,1267.51,1.86,157.59,83.51,206.63,118.1,68.35,3291.49,2877.3,0.87,6436.39,236.79
"849",36652,630,1707,1134.82,2.71,155.14,75.43,206.03,106.72,44.72,4643.06,5425.09,1.17,10778.7,504.05
"850",36664,1037,1625,1285.65,1.57,129.14,82.13,163.12,116.15,68.09,3767.64,2577.76,0.68,6595.6,202.18
"851",36668,709,1997,1494.72,2.82,164.38,114.55,202.29,162,75.12,5793.26,6767.02,1.17,12997.71,224.74
"875",36669,1018,1930,1519.76,1.9,159.78,92,206.39,130.11,72.19,3719.2,5094.23,1.37,9304.14,410.25
"876",36670,736,1703,1263.12,2.31,148.14,90.37,189.01,127.8,71.63,8608.79,3020.68,0.35,11876.08,207.86
"877",36687,1007,1726,1300.07,1.71,121.83,88.07,148.09,124.55,70.37,5199.58,2003.6,0.39,7345.36,94.09
"878",36692,933,1787,1351.54,1.92,176.82,72.59,239.29,102.66,47.86,1133.15,4122.28,3.64,5754.21,387.56
"879",36693,958,1863,1366.06,1.94,199.38,122.69,253.87,173.52,72.69,8772.95,6463.86,0.74,15858,482.06
"880",36694,532,1749,1227.05,3.29,184.32,97.33,241.81,137.65,60.47,4184.31,3819.43,0.91,8774.9,405.47
"1088",36696,883,1687,1215.93,1.91,144.35,77.04,189.05,108.95,56.69,3234.59,3074.82,0.95,6717.11,378.54
"1089",36697,912,1732,1237.54,1.9,149.7,87.76,192.66,124.12,65.57,3639.21,4345.06,1.19,8282.03,142.09
"1090",36705,1031,1862,1390.4,1.81,168.14,112.03,209.74,158.44,74.15,6849.49,9092.6,1.33,16885.63,450.56
"1091",36706,1036,1731,1271.42,1.67,121.01,71.58,155.44,101.24,60.61,2327.37,1219.45,0.52,3935.74,404.3
"1263",44944,961,1845,1227.12,1.92,123.95,72.17,159.74,102.07,65.07,2228.01,2312.17,1.04,4808.17,216.08
"1356",36713,991,1787,1339.87,1.8,169.88,92.12,221.88,130.28,69.87,3649.57,3620.53,0.99,7868.23,560.74
"1388",36720,675,1756,1329.06,2.6,142.58,78.26,185.83,110.69,57.77,7150.78,2627.74,0.37,10109.99,310.19
"1389",36728,958,1616,1202.98,1.69,122.95,66.88,160.5,94.59,57.68,2609.71,1602.56,0.61,5032.24,722.58
"1390",36733,1026,1829,1392.67,1.78,176.16,135.41,209.12,191.51,79.12,8042.06,8866.15,1.1,17439.52,154.7
"1392",36737,1028,1727,1329.86,1.68,127.25,80.08,161.16,113.26,67.6,2152.78,2395.12,1.11,5320.51,665.76
"1393",36739,655,1747,1185.48,2.67,130.74,78.17,167.56,110.57,53.49,11281.73,4116.99,0.36,15767.92,270.16
"1394",36740,888,1737,1231.76,1.96,133.36,72.23,174.22,102.14,58.49,2832.77,2937.94,1.04,5986.35,166.54
"1395",36741,1088,1680,1289.42,1.54,114.88,58.29,151.65,82.43,51.11,1254.63,2252.38,1.8,3639.3,109.84
"1396",36747,647,2177,1302.6,3.36,158.59,110.09,195.4,155.69,73.35,8812.23,9379.86,1.06,19694.78,1450.48
"1397",36764,664,1692,1249.06,2.55,134.82,75.71,174.99,107.07,62.15,3810.64,2229.4,0.59,6291.92,190.54
"1398",36774,834,1353,1002.04,1.62,77.26,36.09,103.13,51.03,28.94,1070.03,1676.53,1.57,2992.24,211.38
"1399",36780,1000,1741,1325.6,1.74,171.3,92.9,223.73,131.38,71.08,4243.69,3049.09,0.72,7544.32,168.48
"1400",36784,1082,1801,1433.71,1.66,137.1,104.66,163.21,148.02,77.1,4042.9,3519.05,0.87,7771.63,138.23
"1401",36785,903,1594,1166.71,1.77,128.36,68.55,168.09,96.94,56.91,2481.52,2781.32,1.12,5602.76,377.15
"1402",36791,1039,1640,1262.71,1.58,97.26,72.61,116.82,102.69,70.22,3162.48,1386.81,0.44,4636.48,169.98
"1403",36792,935,1694,1339.92,1.81,162.75,89.06,212.23,125.96,72.54,3640.88,2634.77,0.72,6609.54,230.13
"1404",36808,1198,1875,1501.65,1.57,125.31,88.06,153.79,124.53,73.05,3200.38,2690.42,0.84,6249.83,320.61
"1405",36828,1004,1701,1238.34,1.69,139.16,73.39,182.61,103.79,57.45,1959.56,1645,0.84,3722.49,89.39
"1406",36830,957,1713,1307.66,1.79,140.54,89.27,177.58,126.24,70.17,5146.58,4631.27,0.9,10123.84,325.07
"1407",36831,1020,1782,1354.99,1.75,163.29,91.28,212.12,129.08,73.5,3832.96,3209.72,0.84,7487.72,394.65
"1408",36848,1039,1731,1376.19,1.67,144.87,80.55,188.38,113.91,60.89,2841.28,3353.7,1.18,6787.45,599.42
"1409",36858,975,1701,1350.37,1.74,165.05,101.13,210.37,143.02,74.36,5117.15,3034.32,0.59,8415.55,328.16
"1415",36861,986,1866,1248.2,1.89,124.12,81.88,155.26,115.8,67.93,3598.31,1828.21,0.51,5584.86,121.11
"1416",36868,890,1765,1276.79,1.98,141.34,89.98,178.49,127.25,69.4,4112.92,2316.82,0.56,7614.94,1122.45
"1417",36879,835,1720,1240.02,2.06,189.58,104,247.11,147.08,70.97,4705.05,3926.35,0.83,9057.72,197.41
"1418",36887,1008,1578,1234.98,1.57,111.33,72.03,140,101.86,62.37,3057.04,2390.96,0.78,5693.09,220.57
"1419",36888,910,2189,1271.57,2.41,182.16,114.54,230.75,161.99,74.44,6938.32,5396.38,0.78,12521.6,176.94
"1420",36889,729,1779,1414.91,2.44,156.46,115.15,188.94,162.85,78.84,5843.9,3712.22,0.64,9754.26,195.48
"1421",36904,672,1789,1297.28,2.66,181.51,100.84,236.06,142.61,66.11,8025.56,5540.14,0.69,13914.32,222.49
"1422",36905,901,1672,1278.82,1.86,137.14,89.03,172.3,125.91,71.61,4579.3,3424.42,0.75,8206.39,189.58
"1423",36907,913,1691,1189.04,1.85,146.43,75.61,192.78,106.94,56.95,3563.25,2548.42,0.72,6593.61,286.28
"1424",36909,999,1717,1260.66,1.72,144.16,69,191.84,97.58,53.58,2054.13,1847.06,0.9,4230.19,242.92
"1497",41631,899,1651,1262,1.84,165.49,89.55,216.23,126.64,68.69,4000.41,2628.46,0.66,8074.35,1263.46
"1502",44372,941,1766,1338.89,1.88,183.69,102.7,238.62,145.24,73.48,5639.08,4810.21,0.85,10824.46,221.57
"1953",44952,870,1744,1237.03,2,151,79.66,198.13,112.65,64.68,3772.33,4410.4,1.17,8369.01,84.36
"1988",36926,663,1740,1199.75,2.62,165.3,74.11,221.71,104.82,58,3893.97,7262.72,1.87,13111.02,1364.69
"1991",36927,732,1791,1314.51,2.45,177.01,114.04,222.85,161.31,72.63,6885.84,6283.42,0.91,13638.5,383.24
"1992",36934,1036,1894,1424.48,1.83,183.18,102.63,237.86,145.14,76.09,6009.55,3926.46,0.65,10224.53,123.96
"1993",36935,1005,1742,1281.49,1.73,160.42,96.1,205.51,135.9,67.45,4393.52,3024.9,0.69,8252.54,610.86
"1994",36938,837,1750,1270.29,2.09,127.12,62.73,168.48,88.71,46.61,2141.69,2680.26,1.25,5322.97,449.19
"1995",36939,662,1695,1276.68,2.56,158.03,81.08,208.26,114.82,62.16,5337.32,5202.53,0.97,11088.86,356.36
"1996",36940,1029,1784,1397.96,1.73,148.59,85.7,191.87,121.21,67.8,3564.82,4037.03,1.13,8006.12,403.86
"1997",36944,916,1520,1211.92,1.66,102.44,51.5,135.41,72.84,47.88,1633.81,2215.25,1.36,3920.1,51.32
"1998",36949,981,1739,1283.01,1.77,155.94,87.08,202.61,123.14,64.11,4727.18,3000.72,0.63,8188.3,380.23
"1999",36953,954,1671,1168.06,1.75,106.64,60.92,137.96,86.15,48.63,2772.78,3228.86,1.16,6247.28,127.69
"2000",36954,684,1740,1356.99,2.54,177.18,101.46,229.11,143.48,71.46,4116.22,4155.17,1.01,8666.34,360.1
"2001",36961,937,1786,1349.61,1.91,161.92,108.65,201.57,153.66,71.55,4713.86,5687.53,1.21,10830.26,309.52
"2002",36962,846,1805,1226.82,2.13,159.62,80.46,210.91,113.79,60.9,3372.43,2382.19,0.71,6143.69,172.76
"2003",36968,715,1732,1307.57,2.42,155,88.87,200.38,125.68,64.25,4357.41,4702.19,1.08,9417.74,236.3
"2004",36972,660,1817,1312.82,2.75,182.46,112.43,232.26,159,74.7,8879.82,5338.19,0.6,15213.63,600.68
"2005",36977,714,1742,1286.57,2.44,175.35,98.47,227.59,139.27,68.8,6459.36,5829.77,0.9,12680.63,353.33
"2006",36978,966,1614,1315.81,1.67,128.74,55.03,173.55,77.82,42.94,910.47,3398.78,3.73,4406.43,80.27
"2007",36988,1107,2074,1516,1.87,130.31,84.65,163.69,119.72,64.12,2906.28,4767.42,1.64,7816.27,130.07
"2008",36994,979,1888,1443.64,1.93,145.32,96.62,181.39,136.64,72.76,4756.31,6749.46,1.42,12052.4,335.02
"2009",36998,1055,1921,1376.03,1.82,151.75,97.33,191.27,137.65,76.54,5080,5403.19,1.06,10948.85,295.83
"2010",37000,656,1779,1307.04,2.71,186.04,92.78,246.2,131.23,70.22,4007.81,3753.94,0.94,8656.7,720.86
"2011",37002,1028,1738,1298.62,1.69,112.54,70.16,142.86,99.22,58.76,2672.09,3994.78,1.5,6947.75,227.54
"2016",37005,1057,1703,1334.71,1.61,136.22,94.34,167.97,133.41,69.07,4902.09,3628.25,0.74,9096.12,386.38
"2020",37007,1027,1734,1303.61,1.69,154.02,91.39,197.72,129.25,71.49,4006.94,2271.72,0.57,6611.02,271.78
"2021",37015,919,1594,1203.94,1.73,119.65,68.4,154.77,96.73,62.99,2911.82,2290.4,0.79,5624.83,288.38
"2022",37016,729,1842,1437.85,2.53,194.78,126.42,244.74,178.79,76.51,5871.78,8886.51,1.51,15554.79,573.3
"2023",37021,1007,1790,1377.76,1.78,153.39,85.14,199.52,120.4,69.71,3390.06,2879.36,0.85,6443.74,99.96
"2024",37022,627,1761,1315.27,2.81,179.76,110.93,228.74,156.88,73.74,7454.65,10151.56,1.36,18009.53,558.1
"2025",37024,885,1541,1173.77,1.74,110.15,54.2,146.04,76.65,50.81,1855.68,2216.09,1.19,4278.01,172.1
"2026",37033,982,1840,1348.84,1.87,177.92,99.47,231.12,140.68,71.62,5957.85,5391.72,0.9,12098.82,347.63
"2027",37035,935,1689,1194.26,1.81,120.9,67.42,157.13,95.34,54.49,1828.32,2061.21,1.13,4314.43,370.54
"2028",37039,955,1813,1422.14,1.9,179.58,110.28,228.77,155.96,78.66,4746.8,3696.84,0.78,9587.71,1010.04
"2029",37040,926,1717,1256.78,1.85,167.05,118.73,204.24,167.93,68.74,5845.72,3038.78,0.52,9266.43,289.82
"2030",37042,679,1688,1286.67,2.49,147.33,86.73,189.45,122.66,62.79,4033.8,5642.79,1.4,10124.59,232.45
"2031",37059,1103,1982,1525.4,1.8,143.61,104.36,174.23,147.58,71.57,3067.26,6071.74,1.98,9633.76,404.3
"2032",37060,920,1675,1147.5,1.82,117.24,67.56,151.42,95.54,56.57,3591.88,3519.77,0.98,7400.45,140.39
"2033",37063,902,1772,1337.82,1.96,189.41,101.69,247.81,143.82,71.04,5796.47,5107.49,0.88,11249.4,370.5
"2034",37064,674,1774,1210.31,2.63,161.56,98.34,206.23,139.09,62.09,4057.51,5538.21,1.36,10180.99,372.15
"2035",37067,978,1738,1335.51,1.78,145.49,88.26,185.86,124.82,71.84,3887.7,2957.5,0.76,7178.05,330.77
"2036",37069,1018,1554,1196.64,1.53,95.65,57.41,122.48,81.19,50,1762.75,2142.5,1.22,4015.12,57.15
"2037",37073,832,1750,1240.77,2.1,142.69,73.55,187.91,104.01,53.41,3821.09,4373.32,1.14,8535.18,265.4
"2038",37077,977,1779,1351.06,1.82,143.91,81.93,186.3,115.88,74.78,4071.84,3208.5,0.79,7648.46,218.24
"2039",37078,925,2045,1267.73,2.21,151.2,73.88,200.66,104.52,52.75,4597.52,8067.03,1.75,14285.88,744.79
"2125",44167,1066,1713,1295.67,1.61,139.46,97.62,171.37,138.05,75.98,4176.01,3180.53,0.76,7589.48,149.3
"2223",44636,881,1447,1115.51,1.64,106.18,50.31,141.48,71.14,45.54,1688.44,1607.43,0.95,3557.88,237.92
"2224",37212,1104,1887,1402.41,1.71,144.21,88.16,183.91,124.67,71.57,3653.73,4166.87,1.14,8100.04,215.23
"2225",37213,700,1850,1363.66,2.64,173.23,115.91,215.83,163.93,81.63,5863.91,3241.53,0.55,9525.11,225.2
"2226",37214,1071,1794,1442.27,1.68,147.94,91.33,188.23,129.16,71.46,3542.03,4441.02,1.25,8283.03,154.18
"2227",37216,963,1460,1196.41,1.52,98.29,50.57,129.48,71.52,52.74,1377.14,1283.23,0.93,2821.19,147.52
"2228",37220,726,1628,1256.35,2.24,161.06,71.53,216.25,101.15,62.69,2996.84,1831.52,0.61,5227.92,362.66
"2229",37226,930,2093,1155.43,2.25,110.32,50.66,147.56,71.65,48.36,5625.62,8205.64,1.46,14033.55,95.12
"2230",37228,945,1544,1243.75,1.63,109.27,73.53,135.92,103.99,69.3,4508.62,1630.99,0.36,6414.2,213.79
"2231",37234,1006,1688,1386.36,1.68,101.22,56.29,131.61,79.61,44.3,1428.47,1202.38,0.84,2784.15,119.68
"2232",37236,1002,1801,1401.53,1.8,135.46,85.57,171.4,121.01,73.28,3371.57,2171.15,0.64,5876.18,259.97
"2233",37238,1113,1813,1465.19,1.63,121.62,96.51,142.37,136.48,75.11,4232.88,1617.5,0.38,6031.19,106.07
"2234",37239,1130,1804,1457.45,1.6,135.61,96.07,165.98,135.87,74.67,3853.24,3808.55,0.99,7824.04,129.16
"2235",37244,1030,1814,1377.97,1.76,180.17,100.4,234.19,141.99,75.11,5963.67,3265.53,0.55,9605.73,246.78
"2236",37246,1010,1752,1384.5,1.73,148.58,88.04,190.79,124.51,74.15,3586.33,2104.7,0.59,6004.27,306.28
"2238",37249,997,1773,1337.86,1.78,138.64,92.94,172.64,131.44,71.93,4289.89,1760.11,0.41,6709.42,596.62
"2241",37250,895,1380,1105.78,1.54,90.77,50.16,118.16,70.93,50.55,1802.29,2023.49,1.12,3958.86,73.45
"2242",37251,972,1679,1290.64,1.73,127.24,62.3,168.81,88.11,55.28,1649.22,1295.72,0.79,3071.87,57.14
"2243",37252,1049,1740,1308.29,1.66,123.02,82.32,153.27,116.41,74.85,3296.32,1873.27,0.57,5365.34,188.9
"2244",37253,879,1558,1122.62,1.77,117.3,62.84,153.52,88.87,49.43,3073.4,3037.58,0.99,6424.83,256.76
"2245",37254,1059,1662,1354.16,1.57,126.19,55.15,169.72,78,51.6,1202.94,3409.07,2.83,4911.42,257.71
"2246",37257,1061,1768,1372.64,1.67,159.92,88.74,208.02,125.5,71.81,3574.63,2091.85,0.59,6169.08,459.21
"2247",37259,992,1604,1246.96,1.62,110.46,74.09,137.53,104.78,60.31,3152.87,3441.61,1.09,7305.12,532.36
"2248",37260,1051,1764,1425.75,1.68,153.4,104.95,189.86,148.43,79.56,4896.43,2508.71,0.51,7786.62,361.83
"2249",37261,1016,1677,1277.29,1.65,123.99,75.11,158.45,106.22,66.33,2952.6,2407.04,0.82,5563.16,189.52
"2250",37262,1166,1752,1442.42,1.5,138.35,104.9,165.16,148.36,76.53,5553.39,2915.74,0.53,8729.7,264.55
"2251",37263,1044,1679,1366.87,1.61,111.83,67.81,142.88,95.9,57.77,2018.39,2936.98,1.46,5292.74,230.04
"2252",37264,1000,1836,1367.85,1.84,163.45,88.75,213.44,125.51,72.8,3551.68,2917.52,0.82,7127.8,363.12
"2253",37269,1022,1700,1342.79,1.66,131.56,83.6,166.21,118.23,71.37,3456.99,1689.12,0.49,5273.62,93.29
"2254",37272,996,1821,1390.65,1.83,148.66,105.4,181.91,149.06,78.74,5063.82,2212.89,0.44,7315.04,143.34
"2255",37273,914,1667,1221.07,1.82,129.83,72.26,168.79,102.19,66.14,3642.68,2684.65,0.74,6640.59,358
"2256",37274,945,1575,1223.3,1.67,111.81,79.37,136.76,112.25,68.47,4385.08,2064.2,0.47,6602.29,105.3
"2257",37277,1135,1658,1361.52,1.46,102.37,84.83,117.32,119.96,73.5,3861.84,1517.35,0.39,5544.57,118.92
"2258",37279,972,1701,1293.43,1.75,142.62,94.04,178.43,132.99,71.71,7304.63,3111.48,0.43,10664.69,151.72
"2259",37283,896,1606,1287.94,1.79,117.36,70.68,150.17,99.96,65.46,2426.19,1384.06,0.57,4679.02,763.3
"2260",37285,938,1890,1434.13,2.01,201.3,124.28,256.12,175.76,77.29,7353.37,3548.36,0.48,11534.41,541.57
"2261",37286,882,1681,1347.89,1.91,152.66,79.59,200.69,112.56,66.26,3350.07,2204.38,0.66,5677.75,102.26
"2262",37288,1030,1585,1208.35,1.54,99.14,65.73,123.84,92.95,61.92,2212.13,2245.03,1.01,4518.51,66.16
"2263",37289,1064,1840,1469.22,1.73,153.38,101.42,191.74,143.43,78.48,5107.98,4736.96,0.93,10263.36,375.3
"2264",37290,972,1837,1380.47,1.89,162.26,87.2,212.25,123.33,68.39,4055.18,4145.12,1.02,8446.5,236.47
"2265",37295,897,1671,1242.28,1.86,118.11,70.22,151.56,99.3,60.15,2446.41,1253.7,0.51,3764.85,52.97
"2266",37298,740,1718,1300.2,2.32,187.76,76.34,254.32,107.97,61.42,3248.91,2750.46,0.85,6462.14,312.74
"2267",37300,1002,1584,1270.64,1.58,107.56,61.74,139.02,87.31,58.69,2410.12,2438.02,1.01,5162.95,313.77
"2268",37304,1018,1640,1318.86,1.61,127.07,107.32,144.14,151.78,81.08,6221.98,2381.27,0.38,8599.61,68.03
"2269",37307,741,1695,1251.84,2.29,167.61,72.52,225.67,102.56,58.44,2808.64,4882.93,1.74,9272.29,1346.51
"2270",37310,1118,1766,1462.85,1.58,135.06,90.54,168.18,128.05,75.06,4190.17,3393,0.81,7948.36,305.2
"2271",37313,952,1607,1275.55,1.69,134.05,75.37,173.95,106.59,66.74,3425.94,1317.07,0.38,4908.75,87.37
"2272",37314,1004,1803,1299.93,1.79,133.07,87.86,166.42,124.25,71.83,4207.82,2182.97,0.52,6768.8,135.03
"2273",37315,1014,1909,1523.95,1.88,170.29,112.61,212.88,159.26,75.33,6148.76,9226.82,1.5,16700.03,1140.48
"2274",37316,945,1720,1290.6,1.82,150.81,88.51,194.04,125.18,70.53,3921.88,2120.16,0.54,6276.76,216.12
"2275",37318,924,1431,1160.09,1.55,86.42,54.84,109.22,77.56,55.67,1706.78,1040.16,0.61,2941.8,155.35
"2283",37323,919,1782,1334.84,1.94,166.9,98.29,214.59,139,72.89,5505.05,2265.42,0.41,8200.44,392.03
"2284",37325,1151,1816,1495.03,1.58,134.54,83.17,171.13,117.62,70.64,3165.03,6654.59,2.1,10303.58,217.85
"2285",37326,966,1603,1240.72,1.66,136.91,80.54,176.07,113.9,62.65,3417.52,2056.23,0.6,5603.01,133.38
"2286",37327,943,1633,1275.67,1.73,121.87,67.53,158.57,95.5,66.36,2874.8,1684.05,0.59,4709.56,92.99
"2287",37328,881,1769,1402.77,2.01,172.97,109.52,218.73,154.89,78.38,5076.81,3720.24,0.73,9721.02,899.6
"2288",37329,956,1716,1301.64,1.79,171.2,98.27,221.27,138.98,68.82,4293.96,5163.59,1.2,10173.58,366.65
"2289",37333,986,1720,1277.91,1.74,130.69,73.21,169.71,103.53,63.15,2934.99,1702.18,0.58,4681.34,122.75
"2290",37337,1052,1703,1269.39,1.62,107.87,83.17,127.88,117.62,69.15,4078.47,2205.46,0.54,6530.95,170.15
"2291",37339,1136,1830,1452.65,1.61,147.75,96.71,185.22,136.76,75,4148.26,3284.82,0.79,7641.96,132.1
"2292",37341,1008,1711,1386.43,1.7,124.18,85.03,153.66,120.25,75.05,3790.8,1892.09,0.5,6325.1,610.15
"2296",37342,928,1630,1199.08,1.76,140.23,58.9,189.37,83.3,49.18,1639.97,3633.91,2.22,5616.35,272.32
"2300",37345,974,1615,1314.14,1.66,99.79,51.45,131.41,72.76,46.46,1161.91,1540.08,1.33,2938.5,230.21
"2301",37348,977,1770,1363.08,1.81,149.46,92.46,190.07,130.76,74.9,4371.3,2014.95,0.46,7117.38,676.66
"2311",37349,1061,1801,1393.41,1.7,175.26,98.94,227.25,139.92,73.95,5417.29,4258.32,0.79,10082.88,350.39
"2312",37351,1130,1907,1397.46,1.69,147.51,92.21,187.12,130.41,74.74,4799.5,2032.91,0.42,7119.2,248.35
"2313",37352,983,1775,1293.9,1.81,149.56,92.22,190.35,130.42,74.43,6025.32,2036.38,0.34,8552.45,477.99
"2314",37358,763,2190,1360.3,2.87,239.08,94.88,324.52,134.2,71.94,10288.69,13505.08,1.31,25592.87,1235.89
"2315",37359,1045,1676,1294.07,1.6,124.23,73.58,159.54,104.06,70.59,3266.18,966.77,0.3,4485.41,211.47
"2316",37362,1014,1776,1460.39,1.75,144.77,93.41,182.18,132.11,69.85,3702.4,7578.88,2.05,11781.6,196.27
"2317",37363,1012,1656,1256.7,1.64,121.08,75.88,153.5,107.32,70.12,4210.79,2306.35,0.55,6497.95,68.89
"2318",37364,1069,1766,1396.25,1.65,110.53,91.11,127.02,128.84,76.88,5065.42,1888.65,0.37,7023.56,51.48
"2319",37365,900,1615,1288.56,1.79,128.26,92.55,156,130.88,73.44,4707.2,1864.54,0.4,6557.9,31.23
"2320",37366,936,1594,1284.78,1.7,122.51,77.82,154.79,110.06,71.86,2986.75,1786.8,0.6,4978.45,182.68
"2321",37370,1094,1657,1295.78,1.51,106.88,73.68,131.98,104.19,65.05,2557.91,2870.41,1.12,5834.01,362.69
"2322",37375,1104,1843,1420.71,1.67,154.07,94.32,196.41,133.39,75.5,5032.65,3160.17,0.63,8349.14,135.47
"2323",37377,987,1724,1244.05,1.75,140.85,63.09,188.94,89.22,58.6,2098.45,2752.02,1.31,5038.75,127.43
"2381",43478,907,1693,1251.78,1.87,166.44,91.12,217.03,128.87,63.76,4861.89,3934.41,0.81,8911.89,69.09
"2463",47305,971,1558,1185.97,1.6,117.81,71.68,150.4,101.38,57.49,2683.93,4087.55,1.52,6926.08,224.78
"2514",42853,895,1772,1359.16,1.98,169.01,83.39,224,117.93,66.75,3032.4,3975.13,1.31,7217.38,165.84
"2526",37378,969,1704,1239.99,1.76,135.24,86.71,170.48,122.62,67.87,4388.07,2496.56,0.57,7775.24,779.46
"2558",37380,1075,1802,1437.49,1.68,139.45,97.83,171.24,138.35,70.11,4788.87,7195.97,1.5,12629.65,649.73
"2559",37383,910,1545,1181.49,1.7,103.34,60.7,132.94,85.84,56.67,2099.58,1365.3,0.65,3576.89,124.47
"2622",43141,882,1623,1211.73,1.84,157.26,83.83,205.99,118.56,62.12,3920.81,5747.44,1.47,10286.43,350.78
"2624",43278,868,1826,1280.98,2.1,173.69,89.73,228.66,126.9,63.43,2402.8,6258.84,2.6,9010.65,107.15
"2625",43371,1053,1736,1360.95,1.65,149.71,78.85,196.49,111.51,69.27,2787.96,2761.94,0.99,5935.75,333.21
"2631",43598,1003,1795,1365.89,1.79,167.1,96.28,215.81,136.16,67.7,3426.38,3432.67,1,7277.29,413.58
"2700",37384,1038,1898,1501.8,1.83,163.63,115.68,200.42,163.6,81.58,5531.19,2606.17,0.47,8211,153.76
"2764",43028,1068,1855,1405.4,1.74,160.23,93.16,206.57,131.74,71.1,4123.18,4185.57,1.02,8488.52,137.04
"2770",43415,955,1711,1340.87,1.79,135.51,64.57,180.44,91.31,50.68,1251.17,3828.35,3.06,5399.46,300.8
"2791",37388,711,1759,1337.81,2.47,215.6,87.84,291.98,124.23,69.74,3655.28,4763.6,1.3,8844.92,384.79
"2792",37389,1103,1783,1398.25,1.62,121.48,78.48,152.82,110.99,63.09,3114.57,3994.97,1.28,7691.99,443.5
"2801",44037,507,1803,1226.69,3.56,294.51,115.91,400.05,164.04,73.54,7670.06,6150.24,0.8,14364.7,476.51
"2816",44108,831,1560,1160.52,1.88,123.31,67.61,160.75,95.61,58.59,2081.48,1525.14,0.73,3765.21,191.5
"2838",43228,997,1733,1274.73,1.74,146.3,89.03,186.77,125.9,73.35,4000.49,2921.82,0.73,7290.46,179.95
"2987",37393,949,1589,1236.97,1.67,145.41,64.3,195.33,90.93,60.87,2762.35,2029.83,0.73,4861.54,89.21
"3017",50649,942,1570,1274.2,1.67,99.85,65.73,124.98,92.96,59.29,2014.38,1176.81,0.58,3358.06,65.72
"3059",49608,1051,1736,1319.83,1.65,149.46,88.15,192.11,124.66,70.51,4228.82,3610.71,0.85,8062.01,224.23
"3121",37399,1134,1735,1440.94,1.53,122.75,69.5,159.08,98.29,60.05,1988.54,2810.82,1.41,4877.8,76.54
"3122",37403,1123,1676,1354.43,1.49,111.54,70.62,141.05,99.88,64.98,1878.94,1445.22,0.77,3441.72,109.09
"3123",37405,1020,1813,1339.52,1.78,156.73,87.84,203.5,124.22,71.12,4997.34,2693.05,0.54,8350.68,671.04
"3124",37406,967,1680,1286.55,1.74,136.45,70.55,179.61,99.77,65.5,3029.9,2200.74,0.73,5714.14,404.98
"3125",37409,1047,1771,1332.03,1.69,145.05,88.97,184.83,125.83,73.92,4201.74,2670.49,0.64,7077.28,148.18
"3126",37411,1129,1678,1369.33,1.49,125,110.9,137.67,156.84,80.07,5127.58,1257.77,0.25,6494.61,91.95
"3127",37412,857,1689,1247.63,1.97,153.3,77.89,202.32,110.16,58.87,3798.13,4268.04,1.12,8386.46,293
"3128",37413,889,1688,1276.2,1.9,140.7,66.97,187.37,94.71,58.13,2240.2,3779.05,1.69,6492.27,180.77
"3129",37414,968,1655,1305.43,1.71,124.98,68.85,162.79,97.37,63.81,1821.34,1226.11,0.67,3161.91,68.35
"3130",37418,1010,1624,1250.45,1.61,109.42,60.47,142.44,85.51,59.84,2316.01,2752.15,1.19,5257.94,127.84
"3131",37419,1077,1759,1349.87,1.63,149.72,86.31,193.35,122.06,72.38,4033.42,2571.09,0.64,6696.56,59.01
"3132",37421,1012,1798,1400.38,1.78,147.41,93.64,186.25,132.43,75.43,4543.51,2761.12,0.61,7727.79,330.96
"3133",37422,983,1720,1297.42,1.75,141.86,83.03,182.63,117.43,68.51,4377.48,2110.8,0.48,7032.62,395.7
"3134",37423,911,1306,1099.03,1.43,67.75,41.07,86.56,58.09,39.03,907.22,1535.18,1.69,2523.67,67.95
"3135",37424,1035,1721,1332.47,1.66,134.4,92.46,166.06,130.76,78.49,4298.97,2649.92,0.62,7129.28,202.47
"3136",37427,1038,1699,1298.46,1.64,159.03,96.75,203.03,136.82,66.41,4634.19,6507.64,1.4,11568.24,145.64
"3137",37429,953,1578,1186.43,1.66,121.52,65.67,158.81,92.87,53.27,2140.63,3168.77,1.48,5417.7,58.86
"3138",37430,978,1799,1387.89,1.84,153.47,94.53,195.37,133.68,76.92,4457.47,2427.59,0.54,7563.87,440.36
"3139",37431,1069,1722,1299.77,1.61,122.66,75.58,156.13,106.89,69.36,3875.63,1107.79,0.29,5250.44,208.45
"3140",37432,807,1801,1327.25,2.23,175.14,85.52,232.45,120.94,67.66,3521.42,4658.71,1.32,8490.26,238.98
"3141",37433,1006,1700,1260.22,1.69,142.36,78.69,185.31,111.29,66.6,4096.83,2265.05,0.55,6551.31,185.44
"3142",37434,1076,1761,1444.56,1.64,111.51,77.73,137.21,109.93,62.53,2568.88,2347.42,0.91,5121.6,125.92
"3143",37436,1000,1762,1389.88,1.76,158.94,87.05,207.23,123.11,65.22,3826.26,6675.93,1.74,11096.05,340.65
"3144",37439,996,1575,1298.12,1.58,104,77.7,124.88,109.88,71.88,3095.68,2265.53,0.73,5688.02,227.08
"3145",37440,1220,1820,1493.34,1.49,119.39,89.68,143.06,126.82,77,3605.16,1775.25,0.49,5489.04,69.47
"3146",37442,996,1823,1341.37,1.83,157.13,98.52,199.18,139.33,73.17,6534.49,2688.44,0.41,9618.55,290.92
"3147",37443,850,2062,1268.89,2.43,197.44,91.13,263.93,128.89,63.44,5306.04,3936.1,0.74,9746.29,301.14
"3174",43859,907,1422,1097.72,1.57,87.33,44.41,115.24,62.81,39.26,917.1,1711.66,1.87,2855.92,168.29
"3189",37446,984,1818,1376.48,1.85,169.91,102.84,217.17,145.44,74.17,5243.23,4019.21,0.77,9760.48,243.84
"3190",37447,912,1513,1157.62,1.66,104.92,52.69,138.71,74.51,54.6,1886.45,1141.73,0.61,3132.64,136.18
"3191",37448,946,1729,1273.97,1.83,148.41,87.12,190.95,123.2,59.91,2954.71,3207.13,1.09,6669.62,404.09
"3192",37451,773,1624,1226.74,2.1,150.06,60.8,203.32,85.98,55.97,1677.37,2758.5,1.64,5146.22,574.18
"3193",37452,1144,1837,1425.9,1.61,131.63,98.41,158.01,139.17,76.84,5618.43,2164.77,0.39,7934.41,204.76
"3194",37456,942,1857,1315.84,1.97,155.9,76.9,206.63,108.75,65.01,3099.02,1288.78,0.42,4735.29,198.79
"3195",37458,940,1813,1280.25,1.93,171.96,115.91,213.79,163.93,72.78,7626.06,3373.31,0.44,11582.49,392.81
"3196",37459,892,1286,1130.41,1.44,72.32,54.72,86.41,77.38,54.53,2470.21,792.85,0.32,3359.26,65.25
"3197",37460,1006,1701,1225.51,1.69,147.01,67.37,196.69,95.28,53.68,2403.15,1898.59,0.79,4721.14,300.01
"3198",37461,743,1828,1308.1,2.46,217.2,85.75,294.95,121.27,58.39,2990.12,2582.98,0.86,5932.65,285.99
"3199",37464,969,1619,1275.14,1.67,128.52,87.46,159.33,123.69,73.52,5810.11,2016.18,0.35,7980.23,88.86
"3200",37466,746,1656,1248.47,2.22,151.3,68.37,202.75,96.68,66.04,2616.06,2522.63,0.96,5377.82,237.77
"3201",37468,998,1675,1263.03,1.68,131.82,72.71,171.66,102.83,63.97,3120.34,2428.16,0.78,5694.76,114.86
"3202",37469,993,1767,1343.68,1.78,144.5,82.22,187.09,116.27,71.82,3748.56,4438.33,1.18,8341.54,161.23
"3203",37470,1008,1814,1337.24,1.8,170.53,99.94,219.48,141.34,71.37,5158.29,3553.38,0.69,8943.52,121.75
"3204",37471,1165,1750,1386.38,1.5,115.27,88.74,136.74,125.5,74.27,5092.07,1027.57,0.2,6304.94,362.05
"3205",37472,1006,1815,1365.17,1.8,163.09,81.56,215.74,115.34,69.09,3593.31,3125.07,0.87,7221.36,418.61
"3206",37473,1152,1803,1466.93,1.57,139.56,115.98,159.7,164.02,82.51,7821.12,2420.87,0.31,10516.63,320.09
"3213",42823,1033,1712,1429.47,1.66,131.2,73.19,170.5,103.5,62.7,1688.17,3726.1,2.21,5491.8,97.56
"3214",42861,985,1775,1343.54,1.8,149.7,76.39,197.45,108.03,59.44,1567.67,2718.3,1.73,4431.42,109.94
"3242",43691,936,1836,1308.67,1.96,156.58,82.12,205.65,116.14,55.48,2023.66,3884.57,1.92,6458.79,453.75
"3326",37474,1059,1668,1329.58,1.58,121.53,85.23,149.25,120.54,74.73,4878.36,2356.38,0.48,7389.81,114.2
"3328",37479,1128,1865,1430.92,1.65,137.83,85.51,175.16,120.93,72.62,3370.88,3641.05,1.08,7184.19,166.01
"3329",37480,1141,1826,1443.42,1.6,159.79,102.41,201.44,144.83,77.02,5023.2,2865.31,0.57,8161.74,83.86
"3331",37485,920,1691,1202.46,1.84,120.8,62.23,159.1,88,54.39,1869.26,1245.77,0.67,3250.71,133.4
"3332",37486,1020,1868,1350.58,1.83,159.43,103.67,200.22,146.62,73.61,6170.85,2443.12,0.4,9016.51,372.78
"3333",37488,1087,1628,1326.83,1.5,117.12,93.08,137.01,131.63,74.29,4368.81,1671,0.38,6293.54,194.26
"3334",37489,1031,1775,1362.67,1.72,158.68,93.55,203.98,132.3,71.59,5204.7,4952.2,0.95,10357.77,199.35
"3335",37494,1123,1929,1467.14,1.72,162.31,113.49,199.52,160.5,79.24,6163.42,3650.24,0.59,10222.47,330.71
"3336",37498,1142,1815,1459.06,1.59,135.15,79.77,173.69,112.81,68.61,3499.35,3471.3,0.99,7148.41,216.77
"3337",37499,1033,1857,1432.86,1.8,176.17,108.18,224.43,152.99,74.56,6210.25,5431.93,0.87,11864.89,368.82
"3338",37500,948,1612,1207.54,1.7,119.59,67.25,155.18,95.11,61.52,2746.57,2157.22,0.79,5259.57,285.92
"3339",37505,979,1664,1222.76,1.7,132.83,65.42,176.09,92.52,59.42,2534.49,1393.47,0.55,4038.81,59.87
"3340",37506,1002,1718,1390.5,1.71,139.27,77.84,180.92,110.09,63.16,2492.54,3223.08,1.29,5889.84,228.99
"3341",37507,1008,1706,1298.71,1.69,149.17,72.66,198.05,102.75,66.34,2338.98,2500.09,1.07,5379.62,369.91
"3342",37509,918,1762,1380.74,1.92,164.03,88.42,214.46,125.04,72.16,3661.04,4018.05,1.1,8111.66,368.91
"3343",37511,987,1655,1200.86,1.68,126.25,56.88,169.24,80.44,42.7,2035.01,3162.87,1.55,5640.69,331.14
"3373",37514,979,1531,1224.75,1.56,76.86,58.19,91.81,82.3,62.02,1870.76,899.04,0.48,2844.81,51
"3374",37516,828,1787,1303.08,2.16,168.82,76.89,226.03,108.73,62.55,2731.26,2964.68,1.09,6227.28,472.28
"3375",37517,1018,1738,1311.95,1.71,156.6,79.61,206.66,112.59,61.39,3584.59,3391.68,0.95,7165.91,235.37
"3376",37518,1107,1880,1480.58,1.7,168.18,89.8,220.24,126.99,72.88,3596.09,6277.64,1.75,10568.98,498.48
"3377",37520,1166,1759,1404.84,1.51,115.85,84.5,140.36,119.51,74.55,3328.7,1899.1,0.57,5362.67,140.25
"3378",37522,961,1627,1210.3,1.69,137.73,66.57,183.05,94.15,59.06,2443.26,3050.25,1.25,5893.2,395.28
"3379",37523,1114,1817,1430.7,1.63,145.86,94.12,183.55,133.11,67.96,4108.84,6758.51,1.64,11291.89,332.19
"3380",37525,1018,1859,1415.72,1.83,166.05,97.58,213.6,138,73.26,4600.48,3011.32,0.65,8001.57,342.87
"3381",37526,955,1809,1270.98,1.89,158.73,82.14,208.91,116.17,69.53,4345.07,2928.97,0.67,7945.75,613.88
"3382",37529,943,1820,1405.77,1.93,162.61,103.65,205.28,146.59,75.21,5397.3,4667.09,0.86,10162.13,101.99
"3383",37530,1022,1772,1321.82,1.73,147.84,82.76,192,117.04,62.13,3822.58,3776.12,0.99,7785.58,117.08
"3384",37532,950,1734,1305.86,1.83,154.4,85.82,200.78,121.37,73.55,3868.96,3109.55,0.8,7529.92,479.14
"3386",37534,1139,1748,1393.16,1.53,118.33,85.44,143.89,120.83,76.94,3480.92,1248.92,0.36,5048.06,283.49
"3387",37535,985,1790,1293.15,1.82,169.33,94.68,219.95,133.9,70.35,5523.22,5033.24,0.91,10758.23,151.16
"3388",37536,1120,1708,1383.15,1.52,114.65,101.87,126.14,144.07,76.37,4672.86,1921.31,0.41,6718.9,101.04
"3389",37538,1031,1655,1266.14,1.61,127.75,74.17,164.74,104.9,66.16,3032.48,1592.08,0.53,4910.95,260.95
"3390",37539,1048,1767,1334.35,1.69,153.38,89.35,197.66,126.36,74.92,5377.18,2288.6,0.43,7829.8,138.15
"3391",37540,995,1534,1208.33,1.54,109.93,57.6,144.4,81.46,59.12,1850.67,1559.61,0.84,3586.14,120.47
"3452",37543,1049,1737,1329.71,1.66,136.11,86.37,172.02,122.15,71.54,4509.64,3325.4,0.74,8051.04,93.7
"3453",37544,938,1518,1258.52,1.62,106.59,61.94,137.43,87.6,63.07,2351.29,1825.39,0.78,4353.33,192.79
"3454",37545,881,1503,1175.39,1.71,104.57,71.63,129.38,101.3,65.06,3575.4,2539.74,0.71,6392.03,256.12
"3455",37547,1031,1677,1266.25,1.63,132.39,70.6,173.41,99.84,62.85,2719.73,1729.42,0.64,4603.5,115.21
"3456",37548,990,1688,1378.97,1.71,122.11,88.98,148,125.83,73.13,4114.53,1997.05,0.49,6449.07,212.08
"3457",37549,1053,1701,1331.36,1.62,133.29,82.43,169.52,116.57,71.23,3145.88,1900.77,0.6,5256.27,127.02
"3458",37552,846,1661,1117.7,1.96,133.28,57.63,179.46,81.5,49.08,1561.79,1581.24,1.01,3397.69,228.92
"3461",42827,930,1822,1242.27,1.96,172.22,79.04,230.37,111.78,65.21,3829.2,2729.84,0.71,6925.04,164.74
"3463",37553,1053,1853,1351.95,1.76,154.09,74.73,204.7,105.68,55.65,2191.4,2579.63,1.18,5779.78,796.36
"3464",37554,919,1613,1247.36,1.76,111.04,49.48,149.04,69.98,38.26,1045.04,1690.61,1.62,2775.38,96.51
"3465",37555,1076,1727,1336.24,1.61,129.71,91.58,158.94,129.51,72.97,4475.76,1847.98,0.41,6437.72,164.53
"3470",37557,949,1714,1261.67,1.81,115.34,71.72,146.5,101.43,64.89,3914.77,2007.27,0.51,6122.79,166.32
"3471",37559,750,1771,1211.21,2.36,154.13,70.45,206.27,99.64,58.04,3361.26,2483.43,0.74,6606.95,549.44
"3472",37560,1154,1828,1454.88,1.58,143.5,101.59,175.68,143.68,81.64,5003.27,3067.84,0.61,8362.21,244.35
"3473",37563,1030,1858,1408.11,1.8,150.45,106.27,184.33,150.28,79.57,5281.51,1550.89,0.29,7094.4,134.05
"3474",37565,1068,1747,1346.7,1.64,139.76,93.16,174.32,131.75,75.28,4164.86,2622.73,0.63,7351.88,502.6
"3475",37567,949,1510,1123.67,1.59,99.64,48.79,132.2,69,39,1291.8,1357.3,1.05,2860.77,159.13
"3476",37568,1061,1805,1418.74,1.7,133.19,97.32,161.27,137.64,78.59,5469.01,1767.08,0.32,7469.8,176.69
"3477",37570,1133,1629,1396.33,1.44,96.14,69.62,116.79,98.46,65.12,2049.01,1297.46,0.63,3528.64,139.9
"3478",37575,1153,1717,1427.13,1.49,101.52,64.37,128.33,91.03,60.47,1929.44,2399.74,1.24,4636.01,295.01
"3479",37576,965,1664,1269.22,1.72,150.74,83.55,196.12,118.16,69,3921.72,3189.77,0.81,7253.87,187.3
"3480",37577,837,1513,1142.06,1.81,110.14,56.2,145.27,79.48,50.33,2303.32,2252.52,0.98,5154.06,509.43
"3481",37580,1049,1756,1374.69,1.67,148.83,87.75,191.31,124.1,73.33,4038.53,2245.44,0.56,6510.66,193.4
"3482",37582,998,1803,1362.68,1.81,146.73,83.11,190.14,117.53,72.21,3681.8,3278.19,0.89,7444.97,445.68
"3483",37587,938,1604,1282.22,1.71,120.42,72.84,153.93,103.02,65.8,3262.57,2754.29,0.84,6483.22,423.46
"3484",37590,984,1759,1319.93,1.79,143.7,93.65,180.36,132.44,70.82,4885.16,2090.05,0.43,7241.96,230.5
"3485",37591,987,1724,1300.88,1.75,146.02,69.56,194.44,98.37,64.57,2252.01,1593.98,0.71,3941.2,83.85
"3486",37592,1048,1879,1372.91,1.79,148.67,100.38,184.74,141.95,77.75,5516.73,4679.74,0.85,10413,144.61
"3487",37593,1033,1729,1290.78,1.67,125.94,75.65,161.24,106.98,71.27,3574.35,1669.92,0.47,5428.69,212.65
"3488",37594,1027,1754,1344.92,1.71,137.77,85.59,175.03,121.05,69.83,3996.93,4284.79,1.07,8700.93,332.63
"3489",37596,992,1680,1233.47,1.69,136.82,65.71,181.99,92.92,56.43,2032.98,1309.76,0.64,3443.82,144.82
"3490",37597,1124,1806,1410.82,1.61,147.04,96.92,183.98,137.06,77.65,3965.4,2154.73,0.54,6438.58,295
"3491",37601,983,1756,1314.28,1.79,147.43,105.93,179.58,149.81,78.44,6469.5,2514.83,0.39,9559.02,473.29
"3492",37602,1042,1758,1361.83,1.69,140.79,89.78,177.72,126.97,76.59,4403.7,1792.71,0.41,6268.12,59.15
"3493",37605,1180,1721,1417.3,1.46,103.12,87.07,116.99,123.14,74.85,3384.67,1860.1,0.55,5479.53,131.87
"3494",37606,981,1598,1294.48,1.63,123.71,76.5,157.34,108.19,65.2,2761.37,2208.82,0.8,5068.33,127.15
"3495",37607,1110,1716,1404.36,1.55,124.42,77.58,157.93,109.71,67.65,2133.09,1770.13,0.83,4055.02,67.73
"3496",37608,664,1766,1205,2.66,218.53,73.54,300.17,104,55.3,2236.86,5557.76,2.48,8691.83,622.14
"3497",37609,917,1510,1174.27,1.65,114.22,64.58,148.06,91.33,55.13,2340.83,1188.05,0.51,3991.14,383.26
"3498",37610,1063,1643,1283.89,1.55,109.57,66.19,140.1,93.61,62.96,2502.03,2015.39,0.81,4588.09,39.57
"3499",37611,1022,1727,1320.26,1.69,131.31,81.12,167.05,114.72,72.17,3552.19,2251.46,0.63,6100.53,212.88
"3500",37612,892,1663,1245.85,1.86,123.63,83.09,153.83,117.51,67.6,4108.01,3143.66,0.77,7455.01,155.92
"3501",37616,1089,1785,1436.97,1.64,148.89,92.07,189.36,130.21,74.29,4299.75,3575.87,0.83,8171.86,273.37
"3502",37617,889,1891,1392.83,2.13,169.43,101.46,217.07,143.49,74.25,4631.76,7038.07,1.52,12408.11,506.93
"3503",37618,1061,1718,1328.72,1.62,115.39,74.17,145.36,104.9,69.53,2720.09,1614.69,0.59,4598.03,161.14
"3562",42125,862,1635,1206.38,1.9,148.59,69.33,198.37,98.05,54.3,1972.04,2479.5,1.26,4750.75,315.93
"3580",37620,1107,1806,1408.96,1.63,135.21,85.69,170.94,121.18,73.71,4068.66,1545.52,0.38,5961.24,231.75
"3581",37624,1049,1863,1408.47,1.78,165.29,86.45,217.18,122.26,73.07,3822.8,2947.16,0.77,7289.41,357.83
"3582",37625,1087,1774,1430.22,1.63,117.38,88.77,140.27,125.54,70.46,3969.84,3308.99,0.83,7573.29,303.56
"3583",37626,930,1600,1224.52,1.72,122.82,72.57,157.81,102.63,62.53,3882.82,2399.64,0.62,6466.15,131.96
"3584",37627,1075,1828,1500.48,1.7,153.93,91.95,197.32,130.04,70.9,3355.29,4286.44,1.28,7812.1,135.86
"3585",37628,894,1901,1420.5,2.13,200.13,92.85,267.36,131.31,70.34,3811,6206.75,1.63,10504.32,416.25
"3586",37632,1004,1696,1280.97,1.69,123.35,74.55,157.71,105.43,64.79,3067.76,1247.94,0.41,4338.33,42.85
"3587",37635,1031,1701,1302.45,1.65,144.03,71.77,190.63,101.49,64.53,2402.91,2070.43,0.86,4747.82,277.79
"3588",37637,1010,1714,1302.6,1.7,144.34,71.77,191.1,101.5,64.05,2862.23,2457.56,0.86,5844.87,448.6
"3589",37642,832,1518,1188.75,1.82,105,65.2,133.41,92.21,60.04,2596.55,1142.78,0.44,4054.39,242.86
"3590",37643,868,1540,1164.21,1.77,111.62,56.87,147.25,80.43,51.24,1875.01,1861.35,0.99,3995.77,178.03
"3591",37644,902,1501,1180.84,1.66,106.19,56.99,138.94,80.6,53.82,1565.03,1148.62,0.73,3173.21,421
"3592",37645,1044,1720,1415.14,1.65,119.76,99.89,136.77,141.26,79.6,5213.96,1637.7,0.31,7221.5,247.21
"3593",37646,958,1526,1204.18,1.59,113.4,63.75,147.16,90.15,60.74,2300.66,2098.99,0.91,4774.54,327.51
"3594",37649,935,1762,1310.27,1.88,147.5,87.88,189.18,124.28,74.57,4460.05,1903.22,0.43,6424.07,64.28
"3595",37650,947,1580,1197.25,1.67,121.36,66.23,158.33,93.67,60.89,3036.33,2006.73,0.66,5247.63,154.88
"3596",37656,893,1539,1179.97,1.72,107.51,61.34,139.12,86.75,59.4,2626.4,2312.34,0.88,5174,151.64
"3597",37659,1081,1867,1372.65,1.73,150.58,93.09,191.53,131.66,75.64,5024.17,2958.41,0.59,8008.88,40.9
"3598",37660,995,1718,1298.41,1.73,126.5,77.86,161.07,110.11,70.57,3698.71,1622.89,0.44,5483.02,123.35
"3599",37662,999,1766,1384.91,1.77,153.88,114.93,184.79,162.54,74.76,5985.37,7582.93,1.27,14017.01,262.04
"3600",37664,962,1661,1249.53,1.73,145.23,72.23,192.27,102.15,62.55,2516.85,2096.57,0.83,4701.72,72.69
"3601",37670,1044,1688,1324.94,1.62,141.59,78.02,184.42,110.33,72.12,3009.3,1792.8,0.6,5375.39,523.01
"3602",37671,798,1713,1321.35,2.15,164.9,87.88,216.01,124.29,73.23,4659.49,6922.29,1.49,12454.76,789.56
"3603",37673,1028,1701,1251.97,1.65,118.95,62.19,156.3,87.95,52.63,1632.69,1892.79,1.16,3682.27,140.86
"3604",37675,1016,1749,1357.14,1.72,144.19,83.89,185.86,118.64,73.18,3287.84,3021.84,0.92,6920.84,546.68
"3605",37677,700,2122,1266.41,3.03,142.43,77.66,185.85,109.83,69.1,2835.9,2555.01,0.9,5636.26,238.64
"3606",37679,944,1669,1244.28,1.77,132.08,75.18,170.99,106.32,66.6,4265.94,2514.46,0.59,7108.05,216.79
"3607",37680,989,1722,1278.71,1.74,141.41,89.76,178.71,126.94,67.91,5040.34,3709.46,0.74,8950.09,181.29
"3608",37683,1020,1788,1408.69,1.75,142.63,72.52,188.22,102.55,65.72,2447.23,2964.58,1.21,5639.79,232.45
"3609",37684,1018,1729,1279.12,1.7,118.8,82.91,146.13,117.25,70.93,4350.05,1454.95,0.33,5918.69,121.88
"3610",37685,1016,1769,1349.36,1.74,163.98,86.61,215.12,122.48,70.56,4081.19,3016.34,0.74,7349.88,108.47
"3611",37687,1042,1669,1316.13,1.6,132.16,85.21,166.35,120.5,74.9,4031.36,3762.13,0.93,8010.61,179.44
"3612",37688,915,1836,1221.43,2.01,115.06,66.36,148.57,93.85,61.65,2685.45,3086.14,1.15,5903.57,61.11
"3613",37690,1073,1854,1498.23,1.73,141.8,101.79,172.78,143.96,80.5,4696.58,1923.4,0.41,6740.51,77.08
"3614",37693,1006,1775,1345.32,1.76,151.39,107.51,185.15,152.05,77.31,6843.06,4234.11,0.62,11276.39,116.18
"3615",37696,1147,1762,1416.67,1.54,95.75,75.1,112.67,106.21,70.2,2238.48,1405.02,0.63,3726.24,85.21
"3616",37697,984,1633,1277.68,1.66,115.59,80.22,142.43,113.45,71.34,4006.39,1345.51,0.34,5476.79,92.45
"3617",37701,1068,1826,1355.97,1.71,152.8,101.92,190.55,144.14,74.54,7344.01,3297.68,0.45,10942.59,261.62
"3618",37704,979,1900,1434.17,1.94,177.31,101.35,229.36,143.32,77.46,5219.87,5542.89,1.06,11016.85,260.35
"3619",37708,1002,1744,1416.24,1.74,139.56,95.31,172.83,134.79,76.94,4462.87,1982.34,0.44,6617.78,246.02
"3620",37709,1029,1853,1438.45,1.8,155.16,82.12,203.48,116.14,67.11,2772.64,2797.94,1.01,5883.14,273.2
"3621",37710,1125,2082,1454.17,1.85,134.22,96.76,163.3,136.86,78.05,4579.47,1557.83,0.34,6281.56,180.38
"3622",37711,1008,1758,1373.57,1.74,150.6,81.44,196.8,115.17,70.88,3234.44,3015.68,0.93,6419.67,104
"3623",37712,1014,1674,1287.02,1.65,131.36,79.03,168.12,111.77,67.88,3729.4,1258.89,0.34,5230.43,129.35
"3624",37715,911,2112,1350.44,2.32,188.06,95.39,248.26,135.05,64.27,5486.16,15347.62,2.8,22029.37,1028.62
"3625",37716,960,1696,1305.55,1.77,137.99,74.03,180.56,104.7,62.88,2099.67,2256.72,1.07,4543.76,175.97
"3626",37717,1014,1755,1329.01,1.73,136.45,75.34,177.66,106.54,69.94,2402.2,1484.46,0.62,4151.61,218.92
"3627",37718,926,1618,1248.71,1.75,130.13,76.56,167.35,108.27,67.43,3768.22,2417.93,0.64,6365.54,106.75
"3628",37719,962,1685,1225.12,1.75,125.33,77.35,159.47,109.39,63.67,3187.98,1654.36,0.52,5504.36,670.16
"3629",37723,1137,1795,1404.18,1.58,115.07,87.33,137.32,123.5,74.51,4102.67,1688.62,0.41,5858.19,100.38
"3630",37725,1124,1757,1404.74,1.56,121.19,75.3,153.96,106.49,71.69,2337.55,2112.25,0.9,4853.34,280.62
"3631",37726,1012,1671,1297.61,1.65,152.84,85.04,198.71,120.27,66.3,3633.1,1586.45,0.44,5515.4,250.81
"3632",37728,1035,1884,1439.19,1.82,188.34,102.89,245.68,145.51,73.01,4917.56,5209.15,1.06,10792.49,566.1
"3633",37731,986,1742,1306.39,1.77,170.15,77.44,227.83,109.51,61.71,3639.53,3295.6,0.91,7815.11,765.01
"3634",37735,977,1620,1235.52,1.66,108.57,65.82,138.72,93.09,65.2,2494.65,2695.57,1.08,5448.1,171.58
"3635",37737,1133,1903,1488.43,1.68,150.69,110.7,182.1,156.55,80.44,6173.8,5083.57,0.82,11472.79,175.88
"3636",37738,1153,1881,1459.12,1.63,143.64,84.46,184.75,119.44,71.17,3551.26,2244.48,0.63,5881.42,64.1
"3637",37740,965,1771,1294.97,1.84,140.99,88.62,178.61,125.33,67.14,4834.31,3161.12,0.65,8206.71,75.61
"3638",37743,1061,1680,1390.08,1.58,126.75,79.93,160.44,113.04,65.68,2403.98,6170.73,2.57,8795.34,196.21
"3639",37744,1059,1816,1481.84,1.71,159.67,107.4,198.63,151.89,77.95,4689.04,7482.22,1.6,13022.66,784.22
"3640",37746,975,1713,1252.04,1.76,134.29,74.65,174.63,105.57,66.26,3650.77,1700.37,0.47,5782.54,259.28
"3641",37747,986,1827,1268.29,1.85,174.46,86.59,231.03,122.46,65.68,3786.69,3248.17,0.86,7229.29,211.79
"3642",37748,949,1679,1334.13,1.77,141.73,87.24,180.46,123.37,71.43,4225.11,1675.04,0.4,6203.2,248.68
"3651",37749,1137,1754,1370.56,1.54,127.89,94.46,154.24,133.58,76.89,5088.91,1898.38,0.37,7104.62,70.82
"3652",37752,692,1540,1176.72,2.23,131.71,60.74,176.08,85.9,55.17,1791.08,2847.56,1.59,5173.83,445.95
"3653",37753,1154,1850,1492.62,1.6,126.74,73.83,163.32,104.42,61.42,1579.9,5445.22,3.45,7236.66,191.01
"3654",37754,948,1522,1256.5,1.61,101.93,72.67,124.49,102.77,66.24,3311.69,2635.94,0.8,6039.27,87.27
"3655",37755,950,1704,1278.7,1.79,165.05,92.98,214.1,131.49,66.26,5015.81,7757.85,1.55,13428.09,454.9
"3656",37759,1094,1781,1428.42,1.63,122.08,91.6,146.34,129.54,77.43,3488.92,1800.52,0.52,5393.63,68.62
"3657",37763,1121,1826,1385.85,1.63,138.41,108.38,163,153.28,78.46,5162.39,3154.91,0.61,8658.12,189.46
"3658",37764,913,1736,1254.38,1.9,176.96,76.72,238.21,108.5,58.32,2484.66,2945.33,1.19,5744.12,150.41
"3663",41545,989,1781,1308.18,1.8,156.99,89.54,203.16,126.63,63.09,3512.45,4398.08,1.25,8484.65,536.66
"3677",43562,917,1918,1398.17,2.09,203.06,133.99,254,189.5,79.62,7348.01,9947.96,1.35,17753.86,66.18
"3682",37765,968,1807,1441.3,1.87,156.83,97.76,199.08,138.26,78.48,4785.89,1778.77,0.37,7531.7,882.57
"3683",37766,1061,1693,1318.75,1.6,136.23,83.91,173.42,118.67,71.74,3852.38,2462.48,0.64,6323.12,49.64
"3684",37767,1004,1719,1402.98,1.71,135.28,73.31,176.71,103.68,59.35,2332.47,6760.69,2.9,10081.49,792.44
"3685",37768,948,1707,1328.02,1.8,156.75,75.89,208.28,107.33,59.75,2636.42,3137.07,1.19,6960.89,1170.05
"3686",37771,897,1473,1129.8,1.64,109.55,51.17,146.23,72.37,46.44,2417.1,806.91,0.33,3487.97,236.67
"3707",37772,1132,1889,1446.6,1.67,150.65,109.22,182.92,154.47,81.28,6646.78,2644.74,0.4,9555.1,276.57
"3708",37773,1114,1606,1324.45,1.44,92.19,65.72,112.6,92.94,67.96,2080.63,1700.82,0.82,3981.71,194.8
"3709",37774,1045,1649,1285.72,1.58,114.82,66.55,148.12,94.11,62.08,2626.59,1659.59,0.63,4309.34,52.67
"3710",37775,774,1734,1238.66,2.24,191.56,73.07,260.87,103.34,56.74,2588.37,1957.03,0.76,5231.27,559.5
"3711",37777,1127,1793,1417.64,1.59,139.84,98.27,171.62,138.97,74.24,5049.62,5217.99,1.03,10603.54,272.52
"3712",37778,1063,1708,1339.24,1.61,123.55,80.02,155.33,113.17,72.08,3448.55,2132.02,0.62,5618.98,58.33
"3713",37779,1145,1689,1390.66,1.48,118.75,95.75,137.97,135.41,75.23,5945.13,1872.32,0.31,7981.12,109.02
"3714",37780,1070,1778,1391.86,1.66,155.61,102.89,194.53,145.51,76.23,6120.62,3184.11,0.52,9493.54,116.28
"3715",37781,1056,1622,1285.23,1.54,105.3,69.67,131.61,98.53,60.21,3281.37,1758.15,0.54,5476.9,435.71
"3716",37782,1121,1818,1457.02,1.62,133.61,100.84,159.8,142.6,81.74,4641.5,2146.12,0.46,7200.31,355.06
"3721",37783,930,2178,1232.33,2.34,158.56,74.58,211.47,105.48,58.63,5118.65,3154.59,0.62,9012.7,511.5
"3722",37787,948,1424,1194.3,1.5,84.19,56.89,104.59,80.46,59.31,1772.24,1008.72,0.57,2894.01,180.32
"3723",37792,1078,1784,1459.09,1.65,126.6,95.68,151.33,135.32,76.48,4567.93,2380.81,0.52,6928.52,70.87
"3724",37793,905,1414,1167.19,1.56,96.38,55,124.71,77.79,57.47,1527.06,2748.83,1.8,4461.6,92.25
"3725",37794,1006,1691,1291.73,1.68,135.66,80.94,173.94,114.47,71.18,3452.83,1654.85,0.48,5294.73,188.28
"3726",37795,1211,1769,1460.06,1.46,108.02,106.15,109.86,150.12,83.48,7466.77,889.29,0.12,8255.57,55.93
"3727",37797,999,1695,1304.06,1.7,131.72,71.99,171.81,101.81,66.16,2787.76,2044.1,0.73,5141.04,239
"3728",37798,977,1675,1268.23,1.71,162.8,86.31,213.44,122.06,68.71,4117.02,3096.92,0.75,7995.57,561.21
"3729",37800,973,1616,1257.79,1.66,110.27,73.51,137.53,103.96,68.92,2697.09,2172.95,0.81,5378.76,466.68
"3730",37803,830,1365,1050.78,1.64,110.66,40.47,151.17,57.23,34.79,1025.7,2110.23,2.06,3410.92,260.59
"3731",37805,1087,1737,1373.27,1.6,139.29,91.63,174.37,129.59,77.65,4006.14,2772.71,0.69,7125.66,298.29
"3732",37807,1006,1813,1320.34,1.8,132.01,75.79,170.61,107.18,73.67,3658.42,1115.67,0.3,4869.12,60.38
"3733",37808,942,1668,1249.09,1.77,124.34,74.13,159.45,104.84,65.92,3076.76,2304.09,0.75,5584.36,198.93
"3734",37810,1314,1664,1518.8,1.27,61.06,28.74,81.43,40.65,18.73,78.56,1160.56,14.77,1288.61,34.63
"3735",37811,890,1553,1203.46,1.74,108.7,55.72,143.27,78.81,50,1682.63,1692.06,1.01,3591.49,177.13
"3736",37812,1016,1735,1326.05,1.71,149.49,83.42,194.26,117.98,67.22,3608.34,2025.8,0.56,6192.5,479.69
"3737",37813,988,1759,1298.06,1.78,124.14,82.47,154.99,116.63,70.11,4589.78,2368.78,0.52,7643.77,476.43
"3738",37814,1091,1775,1331.08,1.63,147.29,79.9,192.37,112.99,55.84,2842.48,3835.76,1.35,7007.38,224.25
"3739",37819,1016,1897,1424.27,1.87,170.45,118.03,210.18,166.92,80.14,8054.36,5602.67,0.7,13909.44,179.15
"3740",37821,1052,1793,1387.44,1.7,143.18,91.94,180.41,130.03,77.17,4679.68,2188.03,0.47,6973.35,76.4
"3741",37822,983,1555,1199.76,1.58,98.52,60.7,125.41,85.85,57.89,2637.56,1984.45,0.75,4874.94,207.61
"3742",37823,967,1589,1227.18,1.64,118.32,57.67,157.08,81.56,52.04,2143.83,1870.07,0.87,4202.36,194.46
"3743",37824,1098,2055,1471.57,1.87,132.78,94.88,162.04,134.19,78.95,4288.64,2548.75,0.59,7090.45,249.75
"3744",37826,960,1782,1330.94,1.86,171.47,87.46,226.17,123.69,71.08,4503.78,4211.34,0.94,8914.92,198.22
"3745",37828,1018,1850,1477.25,1.82,141.66,91.59,178.17,129.53,74.55,3520.5,6152.35,1.75,10009.26,204.52
"3746",37831,1088,1813,1481.4,1.67,142.79,95.71,177.81,135.36,76.37,3683.28,5216.09,1.42,9517.7,324.62
"3747",37834,926,1771,1275.29,1.91,161.86,88.49,211.11,125.14,70.74,3685.33,2434.77,0.66,6344.49,122.06
"3748",37836,1049,1655,1302.45,1.58,122.55,75.49,156.01,106.76,70.37,2568.93,1330.38,0.52,4093.32,170.74
"3749",37837,997,1648,1304.37,1.65,126.69,74.1,163.12,104.8,68.19,2856.95,1778.25,0.62,4752.11,119.82
"3750",37839,982,1850,1395.11,1.88,200.05,101.51,264.08,143.55,71.46,4413.6,7071.29,1.6,12031.96,354.47
"3751",37844,1117,2192,1429.41,1.96,167.84,108.23,211.25,153.06,80.15,5743.79,6601.76,1.15,14388.51,1586.99
"3752",37845,953,1774,1252.3,1.86,130.29,81.57,165.22,115.35,68.66,3042.89,2377.42,0.78,5770.68,270.65
"3753",37853,1008,1790,1373.21,1.77,147.55,96.76,184.88,136.84,73.25,4459.73,3314.84,0.74,8426.65,620.91
"3754",37855,940,1783,1348.18,1.9,154.15,93.52,196.92,132.26,75.1,5527.8,1417.02,0.26,7153.09,159.78
"3755",37856,1049,1733,1321.7,1.65,126.58,79.91,160.19,113.01,70.7,3041.45,1972.52,0.65,5440.99,381.06
"3756",37858,995,1712,1336.06,1.72,143.87,90.67,182.14,128.23,75.57,4946.71,2039.69,0.41,7401.22,280.4
"3757",37859,1064,1662,1412.22,1.56,99.53,83.15,113.57,117.6,70.99,3120.17,2122.14,0.68,5541.54,273.26
"3758",37860,1029,1792,1401.95,1.74,132.92,89.24,165.44,126.21,73.84,4213,2268.77,0.54,6536,122.99
"3759",37863,1091,1683,1351.67,1.54,125.84,78.29,159.82,110.72,67.92,2397.63,2769.58,1.16,5463.88,243.31
"3760",37865,1046,1730,1393.02,1.65,126.13,82.91,157.93,117.26,73.3,2916.38,2937.29,1.01,6374.01,327.2
"3763",37866,1074,1827,1439.61,1.7,162.73,104.18,205.21,147.33,76.53,4989.99,5513.35,1.1,10887.04,262.7
"3764",37867,948,1689,1303.74,1.78,131.91,78.45,169.25,110.94,67.54,3467.82,1190.55,0.34,4715,57.18
"3765",37868,1036,1683,1276.53,1.62,140.61,75.69,183.88,107.04,68.35,3029.07,1814.77,0.6,4943.92,87.33
"3770",37869,915,1536,1202.9,1.68,111.1,57.42,146.25,81.2,52.96,1681.38,1781.54,1.06,3832.34,305.2
"3780",37874,1065,1758,1379.98,1.65,139.07,94.05,172.73,133,76.65,4395.4,1232.29,0.28,5750.39,58.85
"3781",37877,929,1779,1304.41,1.91,178.19,89.37,235.62,126.39,69.63,3560.65,2850.29,0.8,7010.77,460.12
"3782",37879,976,1709,1259.18,1.75,125.55,72.4,162.12,102.39,65.39,2894.35,1773.23,0.61,4896.68,140.16
"3783",37884,1104,1715,1379.47,1.55,130.81,86.77,163.38,122.71,73.28,3623.79,2208.51,0.61,5883.52,61.44
"3784",37886,951,1563,1245.4,1.64,122.64,60.26,162.64,85.22,50.78,1519.97,2517.53,1.66,4161.58,148.82
"3785",37889,1044,1877,1448.63,1.8,172.04,127.93,206.95,180.92,82.64,7468.95,4572.24,0.61,12869.39,750.76
"3786",37891,1093,1777,1334.99,1.63,139.18,65.74,185.53,92.97,55.83,2326.22,2041.52,0.88,4588.38,164.73
"3787",37893,1125,1754,1395.2,1.56,131.38,89.46,162.85,126.51,71.73,4202.92,1642.19,0.39,5983.87,87.68
"3788",37894,991,1742,1308.57,1.76,139.3,82.63,178.83,116.85,70.7,3927.81,2093.66,0.53,6345.7,303.44
"3789",37897,955,1856,1361.44,1.94,164.14,92.87,212.74,131.34,76.37,4719.11,2057.92,0.44,7021.3,240.73
"3790",37898,1120,1755,1400.53,1.57,129.8,88.33,160.92,124.91,71.79,3147.68,2639.06,0.84,5938.17,108.88
"3791",37899,1022,1560,1299.63,1.53,87.51,59.43,108.56,84.04,55.83,1484.21,1345.62,0.91,3034.05,175.27
"3792",37900,880,1503,1171.62,1.71,107.49,61.15,139.17,86.48,61.1,2620.4,1607.9,0.61,4659.79,299.85
"3793",37903,860,1522,1198.23,1.77,112.29,55.16,148.91,78.01,57.92,1750.83,1959.49,1.12,4027.09,271.61
"3794",37904,1104,1849,1456.13,1.67,127.51,86.08,158.46,121.73,64.42,2023.26,4825.86,2.39,7071.67,187.75
"3795",37905,1010,1787,1398.85,1.77,128.98,74.96,166.29,106.01,66.06,1871.92,2126.22,1.14,4097.32,129.73
"3796",37906,933,1522,1222.73,1.63,128.62,68.01,168.71,96.17,57.83,3278.23,3577.33,1.09,6973.33,42.67
"3797",37909,920,1754,1226.47,1.91,142.92,79.73,185.73,112.75,65.51,3357.76,2953.73,0.88,6501.53,175.83
"3798",37913,1047,1797,1368.76,1.72,172.8,98.58,223.61,139.41,71.65,5844.32,4367.8,0.75,10232.92,97.17
"3799",37914,926,1734,1303.04,1.87,146.98,77.11,193.03,109.05,63.95,3049.56,2088.24,0.68,5810.79,556.12
"3800",37916,1018,1688,1296.67,1.66,114.98,78.22,142.56,110.62,70.28,2862.03,1988.99,0.69,5562.85,683.44
"3801",37918,970,1876,1420.11,1.93,171.81,98.26,222.22,138.96,74.36,4224.22,3690.56,0.87,8729.92,595.86
"3806",46529,959,1766,1307.17,1.84,162.36,99.93,206.72,141.33,75.27,5868.7,3312.17,0.56,9575.14,333.55
"3808",48240,934,1837,1348.64,1.97,162.87,128.45,191.19,181.66,82.31,9382.61,3730.75,0.4,13878.31,702.82
"3844",43812,908,1735,1238.51,1.91,150.53,80.98,196.88,114.53,64.8,2629.91,1466.04,0.56,4814.73,582.09
"3845",43814,866,1384,1076.4,1.6,98.51,41.68,132.93,58.95,34.8,791.4,802.18,1.01,1605.37,21.56
"3851",43928,842,1700,1199.44,2.02,172.26,81.49,229.58,115.24,61.81,3844.66,3230.02,0.84,7341.37,261.57
"3855",43987,917,1427,1134.03,1.56,103.53,52.4,136.72,74.1,45.83,1939.3,2042.74,1.05,4091.92,85.56
"3863",37921,1000,1813,1359.56,1.81,167.97,83.39,222.43,117.93,69.82,3718.55,3975.88,1.07,8031.72,217.01
"3864",37922,940,1760,1252.1,1.87,146.12,82.81,189.33,117.11,66.92,3637.34,1810.37,0.5,5690.73,128.92
"3867",37924,1108,1840,1459.1,1.66,148.48,102.19,183.44,144.53,78.75,3545.82,4969.91,1.4,8683.83,112.23
"3868",37927,1145,1781,1431.16,1.56,132,92.31,162.25,130.55,71.3,4405.13,2228.82,0.51,6792.03,160.7
"3869",37928,998,1636,1280.63,1.64,124.43,70.39,161.28,99.54,65.01,2544.69,3118.09,1.23,6023.95,106.39
"3870",37929,719,1652,1198.11,2.3,157.97,64.43,213.91,91.12,55.3,3156.13,2989.25,0.95,6696.02,428.63
"3878",37930,1077,1665,1344.13,1.55,115.31,74.29,145.17,105.06,68.43,3283.1,1778.26,0.54,5491.78,319.25
"3881",37933,1111,1737,1419.34,1.56,127.78,82.32,160.87,116.42,66.82,3239.36,3104.19,0.96,6425.83,71.87
"3882",37935,700,1828,1358.89,2.61,150.86,96.77,190.14,136.87,75.75,4389.56,2349.43,0.54,7203.95,376.21
"3883",42266,944,1676,1298.31,1.78,148.94,82.49,193.81,116.66,69.25,3752.07,3742.81,1,7859.4,288.77
"3884",37939,1116,1742,1388.69,1.56,112.67,95.93,127.23,135.66,79.95,5202.61,1054.39,0.2,6363.88,146.14
"3888",37941,1026,1691,1289.94,1.65,119.39,74.44,151.55,105.28,70.8,2853.08,1269,0.44,4240.73,117.24
"3889",37942,1191,1777,1402.69,1.49,102.83,93.2,111.63,131.8,80.3,3810.72,649.3,0.17,4551,42.28
"3890",37943,962,1733,1309.39,1.8,142.29,92.01,178.96,130.12,74.95,4441.18,2064.91,0.46,6706.07,103.32
"3891",37944,1037,1606,1252.36,1.55,108.8,74.67,134.54,105.6,64.21,3071.59,2128.88,0.69,5442.21,170.16
"3892",37945,1008,1805,1334.55,1.79,167.68,95.94,216.86,135.68,73.72,5104.43,2412.72,0.47,7687.21,234.07
"3893",37949,1037,1605,1323.2,1.55,136.58,68.73,180.51,97.2,62.94,1964.18,3814.61,1.94,6009.83,184.42
"3894",37952,1041,1703,1327.94,1.64,141.54,86.17,180.67,121.86,72.41,3671.37,2283.16,0.62,6171.23,87.54
"3895",37954,994,1783,1400.15,1.79,139.83,122.67,155.11,173.48,81.19,7445.24,6336.21,0.85,14219.24,144.85
"3896",37955,991,1702,1270.57,1.72,151.25,80.86,198.03,114.36,65.81,3331.39,2253.93,0.68,5672.18,59.23
"3897",37956,1042,1852,1342.75,1.78,169.9,95.53,220.47,135.11,69.9,4952.48,3023.59,0.61,8187.28,351.45
"3898",37959,1081,1694,1385.9,1.57,129.86,94.49,157.48,133.63,73.93,5049.12,4620.96,0.92,10033.19,334.01
"3899",37960,1073,1852,1400.21,1.73,153.28,99.51,192.58,140.73,75.98,4502.56,2193.4,0.49,6626.91,75.27
"3900",37962,904,1640,1203.61,1.81,122.12,62.16,161.13,87.91,57.96,2343.45,2224.93,0.95,4722.86,83.39
"3901",37965,700,1579,1141.95,2.26,118.83,52.35,159.69,74.04,48.88,1717.62,1523.13,0.89,3366.35,106.75
"3902",37966,708,1620,1231.55,2.29,161.77,81.11,213.92,114.71,65.08,4499.87,2070.35,0.46,6885.4,260.21
"3903",37968,1028,1767,1341.79,1.72,123.79,89.72,150.33,126.89,73.6,4722.4,1905.22,0.4,6855.31,198.35
"3904",37970,1029,1789,1386.9,1.74,149.97,115.97,177.57,164.01,80.8,6054.97,3257.96,0.54,9399.58,34.39
"3905",37971,1043,1785,1453.29,1.71,136.52,93.5,168.92,132.23,78.11,4455.89,1945.77,0.44,6593.74,185.32
"3906",37972,1106,1642,1326.93,1.48,111.84,85.68,132.95,121.17,70.07,4315.94,1681.53,0.39,6128.28,71.04
"3907",37973,1130,1728,1378.09,1.53,113.58,86.56,135.31,122.41,76.4,3894,1421.84,0.37,5323.95,25.2
"3908",37976,1049,1780,1396.43,1.7,152.55,89.32,196.38,126.32,75.97,3674.6,5283.43,1.44,9508.19,303.16
"3909",37977,975,1678,1343.28,1.72,141.4,74.14,185.72,104.86,63.38,2289.93,1656.3,0.72,4745.27,752.06
"3910",37978,1148,1854,1434.71,1.61,131.9,83.71,166.7,118.38,70.04,4621.55,1804.68,0.39,6528.91,89.17
"3911",37979,1035,1848,1357.16,1.79,155.33,94.76,198.18,134.02,77.45,4677.98,2754.7,0.59,7737.11,484.32
"3912",37980,1000,1571,1272.78,1.57,107.64,70.6,134.86,99.84,66.17,2847.48,1153.11,0.4,4219.9,215.29
"3922",37981,1018,1855,1394.57,1.82,157.45,80.21,207.72,113.43,71.12,3478.41,2501.27,0.72,6214.03,208.03
"3923",37983,1102,1797,1383.17,1.63,138.27,84.34,176.42,119.27,69.26,4070.99,2290.65,0.56,6675.54,191.77
"3924",37984,700,1750,1341.27,2.5,157.97,104.79,197.3,148.2,74.95,5899.73,2327.36,0.39,8522.93,261.16
"3925",37985,1010,1815,1324.81,1.8,172.34,99.62,222.44,140.89,74.58,4863.86,2138.25,0.44,7292.61,216.1
"3926",37987,1151,1811,1488.87,1.57,123.43,93,147.72,131.52,71.9,4005.46,3512.64,0.88,8114.72,519.75
"3927",37988,881,1535,1142.72,1.74,109.96,55.28,145.35,78.18,48.75,2103.38,3121.47,1.48,5468.69,278.26
"3928",37989,990,1596,1268.85,1.61,118.62,56.11,158.09,79.35,53.38,1333.59,2741.65,2.06,4402.29,228.35
"3929",37991,767,1756,1220.79,2.29,168,68.75,227.42,97.24,39.07,3552.59,5084.26,1.43,10162.96,1360.29
"3930",37993,929,1671,1287.83,1.8,147.62,76.95,194.07,108.82,64.13,3421.37,2630.39,0.77,6479.79,427.11
"3931",37996,1032,1773,1410.76,1.72,120.42,79.21,150.76,112.02,69.51,2483.19,2650.33,1.07,5810.97,624.74
"3932",38002,1186,1838,1460.7,1.55,124.12,95.2,147.48,134.63,75.35,3848.72,2936.01,0.76,6934.84,138.77
"3933",38003,1120,1781,1447.61,1.59,121.95,83.76,150.76,118.45,75.98,3693.97,2309.01,0.63,6419.71,350.96
"3934",38006,944,1436,1154.27,1.52,73.2,51.04,90.06,72.18,55.1,1068.71,1320.89,1.24,2525.71,92.63
"3935",38009,1208,1801,1492.07,1.49,127.3,77.43,162.53,109.51,68.37,2153.88,2820.62,1.31,5470.45,448.26
"3936",38015,944,1685,1290.24,1.78,141.07,86.98,179.54,123.01,69.61,3806.78,2839.45,0.75,6971.78,185.72
"3937",38018,951,1788,1299.97,1.88,175.53,96.36,228.77,136.27,68.2,4456.55,3748.71,0.84,9623.88,1141.71
"3938",38019,936,1662,1190.18,1.78,127.87,64.6,168.9,91.36,53.61,1725.89,2776.26,1.61,5205.36,634.39
"3939",38021,1095,1691,1329.09,1.54,130.68,73.77,169.45,104.32,64.27,2443.18,2640.88,1.08,5247.34,106.05
"3953",38024,991,1602,1180.91,1.62,108.65,58.79,141.96,83.14,56.69,1990.51,1113.98,0.56,3195.65,76.24
"3954",38026,1051,1716,1341.53,1.63,139.98,76.33,182.66,107.94,70.91,2893.28,2718.42,0.94,6408.52,707.69
"3955",38027,1010,1776,1291.38,1.76,154.61,94.29,197.27,133.35,67.37,3577.7,3220.02,0.9,7105.99,255.62
"3956",38031,1142,1819,1443.28,1.59,128.64,90.32,157.92,127.73,77.08,4545.8,1985.86,0.44,6735.02,114.33
"3957",38035,952,1718,1262.49,1.8,140.24,92.31,175.54,130.55,73.61,5468.61,2515.97,0.46,8226.65,154.66
"3958",38036,941,1621,1255.04,1.72,130.1,75.49,167.79,106.76,63.9,3100.97,2669.17,0.86,6255.77,405.16
"3959",38037,1068,1691,1312.4,1.58,108.67,66.62,138.49,94.22,61.23,3132.46,2560.59,0.82,5808.8,123.59
"3960",38038,985,1772,1338.19,1.8,159.79,84.5,209.58,119.5,68.88,3485.64,1426.98,0.41,5037.09,55.92
"3961",38039,1008,1720,1262.59,1.71,124.95,72.49,161.15,102.52,66.18,3140.25,2305.51,0.73,5768.23,292.5
"3962",38040,1092,1836,1452.06,1.68,137.25,91.57,171.15,129.49,73.9,3736.62,3405.08,0.91,7303.84,92.87
"3963",38041,1012,1810,1427.24,1.79,155.19,84.57,202.53,119.6,61.44,2754.57,3512.15,1.28,7303.15,944.94
"3964",38043,927,2021,1262.59,2.18,159.52,80.38,210.79,113.67,65.94,4831.61,5245.77,1.09,10419.66,149.99
"3965",38044,1038,1732,1341.34,1.67,129.68,80.7,164.69,114.12,69.58,3990.42,3277.37,0.82,7491.03,196.45
"3966",38045,1018,1798,1356.33,1.77,163.21,88.91,213,125.73,70.24,4113.08,5249.68,1.28,9767.02,316.67
"3967",38046,930,1892,1342.87,2.03,183.92,103.81,238.49,146.81,71.4,5934.72,5691.45,0.96,12304.27,836.98
"3968",38048,1085,1844,1527.02,1.7,128.09,92.85,155.54,131.31,73.9,3206.86,7309.72,2.28,11014.08,607.95
"3969",38051,1058,1668,1310.74,1.58,116.63,76.21,146.28,107.78,71.83,3393.35,2262.7,0.67,6115.24,427.72
"3970",38052,1014,1638,1289.94,1.62,124.35,80.13,156.54,113.32,70.86,3633.92,2380.49,0.66,6358.65,177.8
"3971",38054,1053,1603,1277.08,1.52,112.73,71.32,142.58,100.86,61.75,2730.92,3315.52,1.21,6248.6,156.89
"3972",38057,935,2100,1291.47,2.25,177.54,84.49,236.44,119.49,66.51,2767.04,5724.19,2.07,9351.81,842.68
"3973",38060,1000,1439,1187.94,1.44,75.35,45.76,96.23,64.72,47.56,1252.75,1078.46,0.86,2410.54,52.77
"3974",38063,1032,1770,1358.49,1.72,137.57,83.76,175.6,118.45,70.37,3606.36,1519.18,0.42,5212.82,140.49
"3975",38064,1143,1806,1450.26,1.58,140.1,93.72,174.56,132.54,74.46,3534.68,4296.47,1.22,8282.3,322.52
"3976",38069,983,1647,1267.54,1.68,125.72,70.38,163.27,99.53,62.99,2548.17,5338.77,2.1,8113.49,204.86
"3977",38072,1075,1764,1329.19,1.64,128.35,76.96,164.39,108.83,66.79,2960.41,2635.45,0.89,5784.31,114.44
"3978",38073,1010,1755,1332.45,1.74,141.77,93.27,177.48,131.9,72.95,4465,1707.47,0.38,6298.51,118.28
"3979",38074,1016,1736,1309.12,1.71,150.23,90.29,192.32,127.69,72.73,4536.4,2773.15,0.61,7529.44,178.57
"3980",38075,1090,1767,1397.17,1.62,129.6,80.59,164.61,113.97,74.57,3136.72,1513.55,0.48,4748.6,112.77
"3982",38076,975,1736,1318.47,1.78,131.64,75.28,170.27,106.46,71.18,2836.31,2243.58,0.79,5632.85,529.16
"3983",38079,1065,1771,1394.41,1.66,133.21,93.66,163.45,132.46,77.35,4773.45,2707.04,0.57,7733.1,250.02
"3984",38081,982,1661,1279.4,1.69,137.51,70,181.43,99,58.11,2227.72,2440.86,1.1,5024.66,229.73
"3985",38084,992,1844,1426.15,1.86,169.35,117.12,208.9,165.64,80.14,6068.54,4498.37,0.74,10983.22,394.76
"3986",38085,988,1722,1312.82,1.74,138.05,84.53,175.98,119.55,70.87,3940,2253.62,0.57,6748.71,435.43
"3987",38086,923,1746,1313.38,1.89,163.5,97.51,209.66,137.9,76.91,5927.87,4640.24,0.78,11315.79,526.34
"3988",38090,1043,1710,1305.99,1.64,136.46,83.72,173.88,118.4,67.74,4477.08,2262.27,0.51,6848.92,121.99
"3989",38093,1010,1709,1341.03,1.69,144.94,81.28,188.17,114.94,72.32,3330.35,1954.99,0.59,5597.61,264.59
"3990",38096,927,1435,1109.98,1.55,96.36,44.37,128.85,62.74,40.61,1196.32,1671.69,1.4,2978.13,57.87
"3991",38097,992,1701,1370.91,1.71,138.05,100.09,167.62,141.55,78.57,4949.82,1860.73,0.38,6955.87,57.04
"3992",38098,966,1693,1351.82,1.75,122.43,75.96,155.59,107.43,58.86,3354.58,4840.85,1.44,8758.12,233.4
"3993",38099,783,1770,1336.19,2.26,169.82,92.47,221.65,130.77,71.6,4399.93,3998.26,0.91,8653.98,243.12
"3994",38102,1052,1677,1377.56,1.59,128.08,82.23,161.39,116.29,72.9,3514.07,2047.43,0.58,5876.36,239.05
"3995",38104,983,1727,1224.46,1.76,136.18,68.44,180.02,96.78,58.89,2814.38,1837.1,0.65,5096.82,365.46
"3996",38108,1080,1770,1371.71,1.64,137.55,78.91,177.8,111.6,68.78,3378.01,2943.64,0.87,6698.79,369.06
"3997",38109,987,1718,1271.58,1.74,159.21,83.14,209.24,117.58,60,4057.72,4976.17,1.23,9386.62,116.9
"3998",38111,1105,1842,1405.02,1.67,152.77,83.87,199.11,118.61,70.42,4400.39,1558.9,0.35,6166.97,187.61
"3999",38112,921,1574,1191.89,1.71,112.1,70.28,142.1,99.39,64.45,2920.53,1417.75,0.49,4602.8,253.05
"4000",38114,1250,1807,1490.83,1.45,111.34,103.08,119.03,145.78,79.91,4368.52,1617.3,0.37,6092.16,89.13
"4001",38117,631,2187,1288.53,3.47,152.89,74.99,202.8,106.07,65.09,4177.85,2180.53,0.52,6705.54,324.83
"4002",38118,1151,1800,1458.27,1.56,138.04,104.59,164.84,147.91,79.22,4483.16,2506.53,0.56,7108.24,108.69
"4003",38119,946,1816,1293.74,1.92,158.22,86.44,206.39,122.25,68.56,4037.4,2579.8,0.64,6773.04,199.24
"4004",38120,921,1855,1332.35,2.01,204.34,98.41,271.71,139.17,67.99,4404.31,7192.42,1.63,12543.87,683.75
"4005",38122,999,1631,1292.97,1.63,113.99,83.17,138.09,117.63,71.7,4903.76,2148.65,0.44,7731.86,506.94
"4006",38124,1035,1808,1314.76,1.75,142.29,83.48,183.1,118.05,71.77,4101.05,2735.76,0.67,7408.52,509.35
"4007",38126,700,1726,1288.53,2.47,154.41,81.4,202.63,115.13,63.93,3882.32,3170.34,0.82,7697.94,580.97
"4008",38127,1000,1741,1303.57,1.74,138.96,79.07,179.91,111.83,69.45,3704.99,1745.9,0.47,5615.99,80.74
"4009",38129,1064,1761,1330.2,1.66,133.89,79.28,171.95,112.12,66.94,3299.96,2017.93,0.61,5314.03,80.02
"4010",38130,1071,1782,1418.52,1.66,148.63,79.82,194.45,112.89,62.41,4416.49,2714.31,0.61,7237.19,69.57
"4011",41465,938,1717,1286.52,1.83,150.53,70.92,200.72,100.29,57.84,1861.26,2212.72,1.19,4561.84,393.75
"4012",38135,1084,1873,1523.81,1.73,130.7,95.45,158.29,134.99,75,3557.39,5657.46,1.59,9671.89,357.47
"4013",38140,854,1456,1174.2,1.7,106.45,52.48,141.1,74.22,49.9,1769.96,1922.73,1.09,3984.13,188.8
"4014",38146,1030,1708,1294.33,1.66,141.81,84.82,181.73,119.95,73.06,3593.14,1227.65,0.34,4924.54,91.1
"4015",38147,1126,1793,1354.38,1.59,134.4,79.64,172.58,112.62,66.85,3177.83,2463.68,0.78,5880.46,165.13
"4016",38151,1103,1839,1414.25,1.67,146.16,84.66,188.57,119.73,71.4,3821.43,1588.38,0.42,5620.97,140.01
"4017",38153,1049,1546,1234.63,1.47,82.87,57.62,102.05,81.49,60.62,2143.65,776.39,0.36,3047.75,99.72
"4018",38155,944,1741,1355.89,1.84,140.88,92.68,176.37,131.06,75.33,4582.36,1942.58,0.42,6712.3,166.66
"4019",38156,1022,1556,1242.41,1.52,107.24,64.12,137.44,90.68,62.42,2344.02,949.8,0.41,3457.92,145.62
"4020",38157,1056,1690,1307.65,1.6,129.6,70.67,169.11,99.94,66.94,2959.06,2418.36,0.82,5551.16,93.64
"4021",38158,991,1729,1370.16,1.74,138.23,94.58,171.08,133.75,77.3,6362.73,2711.2,0.43,9678.49,437.01
"4022",38161,1063,1806,1371.35,1.7,156.83,80.59,206.63,113.98,65.86,2886.8,5032.07,1.74,8124.21,233.87
"4023",38162,1057,1775,1320.52,1.68,114.79,75.01,143.97,106.07,72.8,2988.88,1074.92,0.36,4381.23,280.78
"4024",38164,635,1542,1112.5,2.43,144.77,48,199.03,67.88,40.6,1303.45,4877.74,3.74,7027.42,747.41
"4274",43192,971,1702,1285.21,1.75,126.77,63.86,167.52,90.31,58.61,1889.1,2428.38,1.29,5143.54,518.08
"4349",52414,917,1734,1271.27,1.89,135.67,78.66,175,111.24,71.64,3629.52,1339.29,0.37,5159.66,162.03
"4363",47838,913,1625,1237.39,1.78,122.54,84.6,151.25,119.64,69.51,4134.17,2082.9,0.5,6742.2,428.22
"4364",48994,878,1506,1139.04,1.72,118.5,66.98,153.61,94.73,57.4,3243.13,2402.92,0.74,5872.34,128.24
"4374",55977,986,1691,1266.18,1.72,136.23,92.4,169.05,130.68,74.35,5631.35,4156.12,0.74,10319.39,280.59
"4381",47348,899,1521,1127.34,1.69,99.79,46.51,133.24,65.78,43.22,1210.36,697.27,0.58,2024.6,89.45
"4387",53876,1059,1797,1410.91,1.7,156.51,109.74,192.22,155.2,81.99,7241.46,3988.95,0.55,11334.76,46
"4391",44130,906,1847,1347.09,2.04,188.41,104.32,245.18,147.53,70.95,5049.38,6627.16,1.31,11829.46,21.54
"4429",46562,896,1607,1222.8,1.79,145.12,81.19,188.49,114.83,66.73,4503.52,2273.98,0.5,7478.72,690.5
"4447",46289,863,1586,1115.19,1.84,83.84,47.9,108.46,67.74,46.57,1122.51,864.85,0.77,2127.67,133.81
"4465",48289,1005,1788,1306.5,1.78,141.88,90.9,178.88,128.56,74.34,6084.92,1608.91,0.26,7706.68,32.98
"4476",54439,959,1641,1232.31,1.71,134.12,76.95,173.36,108.82,63.9,3527.06,2123.81,0.6,5707.13,42.21
"4545",53229,1052,1797,1441.81,1.71,148.17,107.61,179.8,152.19,78.8,6585.38,4908.51,0.75,12156.09,454.06
"4558",50848,916,1642,1255.09,1.79,135.91,63.63,181.37,89.98,48.52,2033.91,2673.41,1.31,5159.29,411.72
"4601",51794,1016,1707,1316.83,1.68,136.42,92.75,169.17,131.17,74.93,5131.23,3568.7,0.7,9418.67,321.64
"4603",53154,950,1781,1364.66,1.87,181.89,100.53,236.77,142.17,70.92,4965.32,3718.17,0.75,9956.63,934.82
"4625",55334,1024,1681,1321.13,1.64,141.26,92.77,176.93,131.19,76.52,4626.32,3788.85,0.82,8617.85,93.88
"4626",56060,1016,1571,1321.43,1.55,110.28,83.27,131.87,117.77,77.37,4009.02,2212.59,0.55,6502.75,271.5
"4635",49765,909,1669,1243.25,1.84,152.56,86.21,197.78,121.91,65.97,5054.34,2506.26,0.5,7984.75,338.25
"4638",52485,929,1652,1190.63,1.78,141.35,66.94,188.36,94.67,59.17,3166.9,1856.2,0.59,5173.58,133.52
"4646",45075,800,1407,1089.29,1.76,127.42,46.28,174.16,65.44,35.89,1116.61,3319.28,2.97,4855.4,191.9
"4649",47398,843,1373,1072.91,1.63,104.85,46.1,140.93,65.2,41.08,1204.24,1273.84,1.06,2588.16,32.9
"4670",47941,509,2084,1079.24,4.09,280.12,84.32,387.07,119.34,45.69,5293.85,16414.64,3.1,23105.43,1418.6
"4703",45091,998,1903,1419.32,1.91,175.19,118.76,217.44,167.95,78.72,7226.07,7953.99,1.1,16529.19,1258.7
"4704",46337,855,2087,1188.69,2.44,172.15,81.84,229.29,115.77,56.91,8429.71,16950.03,2.01,27504.06,1478.19
"4708",49051,960,1638,1227.67,1.71,140.96,83.48,181.02,118.07,64.45,4539.82,4275.23,0.94,9027.27,144.61
"4748",53941,1048,1811,1400.51,1.73,135.67,103.04,161.85,145.72,78.11,5731.07,3434.14,0.6,9393.24,142.88
"4758",46634,998,1725,1289.6,1.73,135.29,85.8,171.01,121.34,68.97,4475.89,3412.07,0.76,8023.28,82.65
"4761",48333,951,1563,1198.41,1.64,102.08,61.11,130.79,86.42,60.73,2400.29,2415,1.01,5363.31,544.48
"4778",47948,961,1654,1215.58,1.72,136.45,82.64,174.38,116.88,67.73,4262.18,2306.72,0.54,6968.77,242.53
"4823",44214,984,1790,1344.73,1.82,176.14,94.29,230.56,133.35,71.11,4077.08,5326.23,1.31,9687.52,157.49
"4939",51881,833,1610,1140.88,1.93,144.11,62.16,194.09,87.9,43.3,1919.35,3321.07,1.73,5429.36,99.07
"4966",50898,921,1810,1355.88,1.97,165.88,92.4,215.63,130.67,69.32,4087.01,3668.14,0.9,7889.74,68.05
"4977",47460,997,1708,1345.9,1.71,147.95,93.04,187.41,131.59,77.55,3990.06,3272.99,0.82,8039.72,675.74
"4987",52545,1102,1790,1475.57,1.62,136.43,124.6,147.31,176.22,82.88,6152.35,6327.51,1.03,12789.76,185.59
"4992",56134,985,1654,1371.05,1.68,133.35,88.4,166.58,125.01,74.7,3341.59,2080.95,0.62,5702.14,129.52
"4995",46379,880,1591,1159.52,1.81,117.59,62.89,153.95,88.94,62.42,2587.39,1623.63,0.63,4784.07,523.29
"4998",47982,670,1653,1251.83,2.47,146.71,94.06,184.93,133.15,68.81,5185.91,3420.88,0.66,9026.86,387.51
"5005",54545,979,1820,1437.75,1.86,163.35,119.06,197.97,168.38,80.78,7539.87,7337.8,0.97,15476.01,329.05
"5008",44272,1048,1826,1332.53,1.74,164.58,109.51,205.38,154.87,75.79,5357.99,1923.1,0.36,7858.66,355.81
"5034",53328,1037,1827,1364.48,1.76,167.23,111.2,208.73,157.26,77.71,7487.95,5187.14,0.69,12773.31,236.48
"5061",49120,1049,1813,1468.34,1.73,151.21,103.01,187.4,145.68,70.78,2976.77,3274.16,1.1,6419.94,129.26
"5062",50049,991,1552,1249.11,1.57,100.67,75.74,120.55,107.12,68.84,2967.97,1401.56,0.47,4478.32,94.64
"5088",45169,889,1701,1228.61,1.91,140.2,88.62,177.37,125.32,67.71,5346.95,4328.46,0.81,10421.17,728.3
"5090",46695,854,1630,1081.06,1.91,124.28,52.45,167.75,74.17,41.59,1169.99,1078.11,0.92,2352.26,68.79
"5093",48451,985,1719,1313.31,1.75,161.67,104.07,203.58,147.18,75.06,5635.39,3064.97,0.54,9551.79,820.06
"5101",55485,968,1836,1335.02,1.9,153.28,119.4,180.93,168.85,80.72,9441.61,3765.19,0.4,13488.9,256.08
"5130",50959,1041,1683,1307.5,1.62,145.3,94.41,182.51,133.52,64.4,4222.81,3409.6,0.81,8173.64,509.89
"5174",46420,851,1314,1077.2,1.54,83.82,40.84,111.28,57.76,37.97,1260.15,1600.03,1.27,3320.19,306.09
"5184",53388,1017,1842,1498.67,1.81,148.98,94.93,188.09,134.25,73.62,3407.64,5509.43,1.62,9288.56,311.59
"5192",47508,1103,1729,1392.18,1.57,130.92,111.5,147.81,157.68,82.6,5969.63,4124.04,0.69,10254.58,184.64
"5193",48030,1049,1767,1422.22,1.68,144.13,103.47,175.61,146.33,77.86,5405.59,2670.33,0.49,8370.45,255.58
"5238",51941,924,1832,1374.02,1.98,174.51,96.22,227.27,136.07,68.59,6005.9,3868.9,0.64,9815.63,108.89
"5244",50103,501,1951,970.28,3.89,217.73,58.77,302.26,83.13,32.75,1050.96,3902.3,3.71,5473.56,514.22
"5264",46725,850,1499,1123.73,1.76,109.07,60.45,141.91,85.49,49.72,1404.31,1507.55,1.07,3057.84,106.07
"5272",52604,1040,1779,1331.03,1.71,165.46,105.43,208.9,149.1,70.4,6796.99,6539.3,0.96,13484.33,105.86
"5275",54633,905,1801,1361.49,1.99,176.94,101.85,228.56,144.04,75.54,5499.52,4029.15,0.73,9807.33,81.18
"5277",44341,912,1805,1184.1,1.98,169.79,105.18,215.86,148.75,61.13,6990.4,3123,0.45,10392.52,194.39
"5279",49170,1046,1795,1386.71,1.72,149.8,96.63,188.53,136.65,76.51,4856.08,2845.94,0.59,7893.74,175.57
"5288",54017,1010,1747,1383.23,1.73,148.07,98,185.06,138.59,76.98,4969.2,2968.48,0.6,8172.83,179.97
"5296",51104,964,1587,1240.1,1.65,114.07,55.79,151.37,78.9,44.49,1529,1526.65,1,3180.57,108.12
"5319",55553,1184,1850,1483.44,1.56,144.73,118.48,166.9,167.56,81.82,7578.36,5115.48,0.68,12923.64,154.35
"5323",46492,969,1759,1368.29,1.82,163.52,100.24,208.4,141.76,75.19,4545.42,4427.97,0.97,9471.6,289.73
"5446",48508,866,1664,1134.38,1.92,140.45,67.59,186.77,95.59,51.43,2268.34,3577.04,1.58,6436.91,479
"5478",45355,930,1683,1182.89,1.81,135.63,63.27,181.07,89.48,49.06,2270.01,1680.3,0.74,4325.55,349.53
"5516",50141,914,1668,1243.53,1.82,117.24,76.15,147.28,107.69,66.73,3206.52,1713.99,0.53,5036.61,141.61
"5517",50143,533,2179,1048.02,4.09,212.23,72.45,291.26,102.47,42.97,3819.07,7022.52,1.84,11725,835.2
"5539",47733,1001,1708,1278,1.71,136.21,86.01,172.36,121.64,73.95,3832.28,1251.45,0.33,5203.13,122.99
"5560",49259,992,1618,1249.96,1.63,132.14,81.4,168.22,115.11,69.23,3314.79,2496.55,0.75,6020.52,99.8
"5561",53449,1020,1918,1435.19,1.88,151.1,90.22,193.71,127.6,72.05,3091.95,5647.22,1.83,9105.38,256.72
"5577",52028,1012,1742,1395.74,1.72,165.57,98.76,212.31,139.66,76.17,4258.05,4188.03,0.98,8746.7,244.65
"5581",44425,960,1771,1306.14,1.84,155.42,95.25,198.09,134.7,66.89,4161.69,4113.08,0.99,8995.46,587.8
"5596",45366,878,1518,1193.99,1.73,106.62,62.38,137.27,88.22,60.54,2473.43,2423.44,0.98,5127.55,207.83
"5597",46891,743,1483,1113.29,2,127.76,57.49,171.29,81.31,49.72,3008.79,3533.26,1.17,7861.91,1094.29
"5609",54889,976,1816,1405.33,1.86,174.82,106.46,223.14,150.56,79.9,6427.03,4167.54,0.65,10960.81,162.81
"5626",48552,979,1795,1307.11,1.83,148.78,74.05,196.95,104.72,57.46,1728.41,3495.47,2.02,5544.49,290.76
"5644",51249,1046,1720,1343.95,1.64,133.94,107.84,155.72,152.51,78.73,8654.62,2334.18,0.27,11198.06,132.43
"5649",55620,1001,1941,1393.73,1.94,167.24,107.8,210.52,152.45,79.52,7213.07,5842.09,0.81,13408.8,132.53
"5675",44493,974,1772,1336.59,1.82,159.66,107.19,198.73,151.59,75.85,6546.8,8220.65,1.26,15339.5,353.99
"5717",54065,877,1660,1217.95,1.89,157.61,78.98,208.43,111.7,61.96,3082.32,4130.99,1.34,7720.86,392.33
"5740",52711,1062,1966,1480.28,1.85,168.56,103.1,214.93,145.8,76.83,6341.2,7847.09,1.24,14636.65,498.21
"5755",54952,1063,1734,1393.28,1.63,147.12,101.33,181.72,143.3,75.72,6092.77,3439.31,0.56,9799.31,148.39
"5772",46944,999,1685,1367.8,1.69,129.93,97.88,155.51,138.43,77.86,4630.14,3651.8,0.79,8787.23,167.01
"5775",49334,908,1733,1364.41,1.91,165.77,101.46,211.34,143.49,75.29,4989.64,6124.89,1.23,11553.25,426.69
"5801",47789,949,1530,1170.21,1.61,110.07,65.85,141.05,93.12,61.62,3387.12,1256.53,0.37,4890.37,253.21
"5814",48607,989,1765,1300.37,1.78,178.1,92.5,234.27,130.82,65.48,4874.52,3982.67,0.82,9122.03,232.61
"5818",52091,1025,1974,1397.23,1.93,191.75,120.66,242.85,170.64,76.64,8554.06,5687.76,0.66,14614.74,196.73
"5820",53531,931,1627,1265.76,1.75,139.6,77.17,181.72,109.14,66.03,3501.19,2596.19,0.74,6418.5,282.29
"5830",51354,1041,1690,1403.37,1.62,118.23,83.33,144.96,117.84,78.6,3551.37,2408.24,0.68,6101.63,243.99
"5852",44593,946,1686,1260.83,1.78,143.94,85.39,184.79,120.76,67.17,4484,7031.59,1.57,11726.96,113.75
"5866",55698,1070,1664,1312.53,1.56,135.38,111.06,155.95,157.06,75.58,7127.35,5262.66,0.74,13507.02,987.48
"5995",54133,1007,1729,1310.25,1.72,141.76,100.69,173.36,142.4,75.16,6176.5,3163.61,0.51,9615.49,239.41
"6012",55024,1034,1778,1392.52,1.72,137.53,79.24,177.62,112.06,60.53,2887.43,2247.5,0.78,5231.08,40.77
"6018",48649,926,1811,1350.76,1.96,150.64,115.93,178.73,163.96,84.35,7826.6,2558.96,0.33,10510.66,142.03
"6023",52760,911,1713,1272.62,1.88,170.2,97.24,220.18,137.51,70.39,5937.86,3644.15,0.61,9735.92,76.67
"6065",46988,970,1863,1428.75,1.92,181.58,112.57,230.81,159.19,76.2,5399.25,4161.99,0.77,10128.08,316.84
"6067",49405,954,1582,1183.32,1.66,127.41,64.34,168.31,90.99,58.4,2726.34,2220.76,0.81,5252.79,223.66
"6093",52169,1018,1805,1443.64,1.77,150.37,121.92,174.23,172.43,81.16,7359.64,7591.26,1.03,15269.42,182.74
"6114",46049,849,1632,1112.1,1.92,124.22,55.52,166.67,78.52,43.23,1584.27,1782.2,1.12,3627.68,188.34
"6115",46052,942,1528,1147.91,1.62,96.56,51.42,126.51,72.71,42.33,1609.02,1886.23,1.17,3614.6,85.41
"6137",55774,1039,1912,1391.07,1.84,147.16,92.52,186.42,130.84,55.37,1341.82,2681.88,2,4129.07,103.66
"6143",50394,852,1595,1199.31,1.87,125.08,63.96,164.92,90.45,51.04,2283.17,2377.07,1.04,5203.01,430.31
"6147",53613,980,1577,1234.04,1.61,122.27,81.44,152.53,115.18,67.92,3892.47,3465.96,0.89,7728.19,325.67
"6165",54218,1121,1794,1457.74,1.6,127.53,93.77,154.06,132.61,75.49,3345.7,6658.37,1.99,10600.5,362.44
"6207",51434,1067,1856,1431.71,1.74,143.71,103.45,174.94,146.3,77.81,8161.99,2994.4,0.37,12065.35,696.49
"6230",44675,901,1433,1149.35,1.59,101.08,54.59,132.12,77.2,52.75,1751.54,1323.42,0.76,3421.49,344.5
"6265",55082,979,1876,1390.22,1.92,163.09,118.74,197.73,167.94,81.35,7650.49,5210.99,0.68,13213.22,312.43
"6280",49461,989,1665,1258.63,1.68,135.14,88.76,169.25,125.53,71.97,5595.49,2935.89,0.52,8606.81,73.23
"6292",48783,912,1716,1257.62,1.88,154.88,96.61,196.57,136.63,68.58,6946.44,2865.23,0.41,10177.8,225.2
"6297",52850,858,1735,1347.64,2.02,165.66,90.6,216.05,128.13,69.53,3133.3,5580.55,1.78,9156.43,187.41
"6315",46073,1022,1718,1341.99,1.68,137.67,91.11,172.06,128.85,75.56,4538.42,2634.33,0.58,7311.49,107.79
"6370",53687,1139,1727,1431.31,1.52,120.98,90.05,145.48,127.35,80.95,3894.86,6592.91,1.69,10776.82,234.76
"6385",55823,925,1820,1282.82,1.97,161.63,107.56,201.69,152.11,78.83,6741.54,3316.9,0.49,10439.79,172.72
"6404",52228,979,1755,1362.84,1.79,148.24,89.67,189.5,126.81,70.94,3067.23,5277.45,1.72,8999.88,327.67
"6415",50503,902,1574,1268.84,1.75,114.92,68.94,147.17,97.5,58.55,2341.98,3849.6,1.64,6409.59,88.74
"6426",47211,986,1491,1216.46,1.51,90.44,76.37,102.6,108.01,72.39,2657.56,1114.21,0.42,4045.74,216.1
"6444",54273,958,1813,1367.85,1.89,156.11,100.83,196.4,142.59,71.39,5237.5,5090.15,0.97,10771.33,463.4
"6449",48894,859,1686,1237.77,1.96,153.43,91.54,196.73,129.46,68.33,4757.15,3408.29,0.72,8375.71,214.29
"6458",44743,501,1752,1167.83,3.5,261.83,113.42,352.49,160.56,70.3,5940.97,3122.79,0.53,8990.28,78.1
"6477",49519,866,1780,1243.89,2.06,180.27,98.46,235.16,139.24,64.38,4172.86,2989.22,0.72,7412.32,223.13
"6481",52931,926,1673,1214.34,1.81,154.36,86.57,200.4,122.43,62.5,4980.43,3958.57,0.79,9278.58,307.23
"6516",51575,996,1765,1270.73,1.77,112.73,78.84,138.56,111.5,68.8,3383.95,2786.72,0.82,6371.16,208.5
"6534",55176,1017,1781,1373.79,1.75,149.7,131.78,165.69,186.37,84.75,10666.39,2763.08,0.26,13672.12,183.4
"6569",55887,913,1729,1189.58,1.89,135.67,86.69,171.17,122.59,59.96,5240.17,3093.24,0.59,8469.31,127.56
"6570",44793,1024,1894,1343.23,1.85,175.09,100.56,226.28,142.21,70.59,5132.48,4844.33,0.94,10183.28,208.91
"6571",46193,917,1635,1191.54,1.78,103.01,60.66,132.45,85.78,62.23,2617.89,1581.82,0.6,4288.27,48.82
"6633",52336,1117,1758,1407.88,1.57,116.8,92.16,137.08,130.33,58.42,1786.91,4537.05,2.54,6489.09,176.9
"6641",48928,1010,1608,1248.2,1.59,111.19,72.83,139.36,103,67.85,2706.51,1882.94,0.7,5137.04,465.67
"6652",47260,723,1404,1129.96,1.94,109.65,51.3,146.34,72.55,45.07,1095.5,1079.32,0.99,2226.03,107.63
"6662",46210,861,1528,1102.52,1.77,109.12,55.8,143.88,78.91,49.66,1887.37,1127.68,0.6,3133.92,81.38
"6724",54380,988,1726,1315.34,1.75,148.77,106.1,181.68,150.04,76.4,6074.55,2402.76,0.4,8534.97,87.59
"6745",53054,967,1703,1245.19,1.76,159.07,81.46,209.69,115.2,65.97,4158.75,2480.12,0.6,7134.4,419.06
"6764",44836,977,1844,1357.61,1.89,187.46,125.59,233.47,177.62,79.06,7517.11,10521.21,1.4,18496.44,595.89
"6774",44867,1035,1740,1313.01,1.68,143.22,96.65,178,136.69,75.39,4099.62,2295.97,0.56,6540.97,113.98
"6776",51728,1009,1712,1279.34,1.7,123.51,91.84,148.58,129.88,73.35,4754.87,1566.03,0.33,6479.18,66.12
"6791",44909,929,1795,1251.04,1.93,160.97,97.73,205.6,138.22,64.2,5929.79,4835.03,0.82,11154.16,293.93
"6799",55268,963,1779,1334.67,1.85,170.43,103.82,217.52,146.83,75.2,5912.7,4474.14,0.76,10639.44,310.93
